# This file uses centimeters as units for non-parametric coordinates.

mtllib EV_Map01.mtl
g default
v 499.530579 38.500000 345.781311
v 450.695251 38.500000 346.170654
v 499.530579 43.500000 345.781311
v 450.695251 43.500000 346.170654
v 499.827637 43.500000 383.039886
v 450.992310 43.500000 383.429230
v 499.827637 38.500000 383.039886
v 450.992310 38.500000 383.429230
v 457.030640 0.000000 348.127533
v 453.228516 0.000000 348.157837
v 457.030640 38.500011 348.127533
v 453.228516 38.500011 348.157837
v 457.056458 38.500011 351.372528
v 453.254364 38.500011 351.402863
v 457.056458 0.000000 351.372528
v 453.254364 0.000000 351.402863
v 457.269775 0.000000 378.126587
v 453.467682 0.000000 378.156891
v 457.269775 38.500011 378.126587
v 453.467682 38.500011 378.156891
v 457.295654 38.500011 381.371582
v 453.493530 38.500011 381.401917
v 457.295654 0.000000 381.371582
v 453.493530 0.000000 381.401917
v 496.077881 0.000000 343.316071
v 492.275757 0.000000 343.346405
v 496.077881 114.000000 343.316071
v 492.275757 114.000000 343.346405
v 496.103760 114.000000 346.561096
v 492.301636 114.000000 346.591400
v 496.103760 0.000000 346.561096
v 492.301636 0.000000 346.591400
v 496.388794 0.000000 382.314850
v 492.586670 0.000000 382.345154
v 496.388794 114.000000 382.314850
v 492.586670 114.000000 382.345154
v 496.414673 114.000000 385.559845
v 492.612549 114.000000 385.590179
v 496.414673 0.000000 385.559845
v 492.612549 0.000000 385.590179
v 492.850403 113.500000 362.517151
v 492.882538 113.500000 366.548462
v 495.260529 113.500000 362.497955
v 495.292694 113.500000 366.529266
v 495.260529 43.500000 362.497986
v 495.292694 43.500000 366.529297
v 492.850403 43.500000 362.517151
v 492.882538 43.500000 366.548462
v 496.907166 113.500000 342.263641
v 491.429810 113.500000 342.307312
v 496.907166 118.500000 342.263641
v 491.429810 118.500000 342.307312
v 497.260620 118.500000 386.598938
v 491.783264 118.500000 386.642609
v 497.260620 113.500000 386.598938
v 491.783264 113.500000 386.642609
v 492.770691 113.500000 352.517487
v 492.802795 113.500000 356.548798
v 495.180817 113.500000 352.498260
v 495.212982 113.500000 356.529572
v 495.180817 43.500000 352.498291
v 495.212982 43.500000 356.529602
v 492.770691 43.500000 352.517517
v 492.802795 43.500000 356.548828
v 492.930115 113.500000 372.516846
v 492.962250 113.500000 376.548157
v 495.340240 113.500000 372.497620
v 495.372406 113.500000 376.528931
v 495.340240 43.500000 372.497620
v 495.372406 43.500000 376.528931
v 492.930115 43.500000 372.516846
v 492.962250 43.500000 376.548157
v 492.723389 24.052185 346.588043
v 492.723389 28.083618 346.588043
v 495.133514 24.052185 346.568817
v 495.133575 28.083618 346.568817
v 495.418549 24.052200 382.322571
v 495.418610 28.083633 382.322571
v 493.008423 24.052200 382.341797
v 493.008423 28.083633 382.341797
vt 0.823076 0.259010
vt 0.823076 0.007812
vt 0.856785 0.007812
vt 0.856785 0.259010
vt 0.823076 0.518700
vt 0.823076 0.267502
vt 0.856785 0.267502
vt 0.856785 0.518700
vt 0.007812 0.337061
vt 0.007812 0.007812
vt 0.259010 0.007812
vt 0.259010 0.337061
vt 0.271075 0.337061
vt 0.271075 0.007812
vt 0.522272 0.007812
vt 0.522272 0.337061
vt 0.237105 0.674802
vt 0.237105 0.345553
vt 0.270814 0.345553
vt 0.270814 0.674802
vt 0.279567 0.674801
vt 0.279567 0.345553
vt 0.313276 0.345553
vt 0.313276 0.674801
vt 0.823076 0.527192
vt 0.848710 0.527192
vt 0.848710 0.786752
vt 0.823076 0.786752
vt 0.457906 0.652955
vt 0.483540 0.652955
vt 0.483540 0.912514
vt 0.457906 0.912514
vt 0.687199 0.810504
vt 0.687199 0.784870
vt 0.709077 0.784870
vt 0.709077 0.810504
vt 0.279567 0.683294
vt 0.301445 0.683294
vt 0.301445 0.942853
vt 0.279567 0.942853
vt 0.941969 0.488231
vt 0.963847 0.488231
vt 0.963847 0.747790
vt 0.941969 0.747790
vt 0.865538 0.488231
vt 0.891172 0.488231
vt 0.891172 0.747790
vt 0.865538 0.747790
vt 0.415444 0.652955
vt 0.441078 0.652955
vt 0.441078 0.912514
vt 0.415444 0.912514
vt 0.721168 0.810503
vt 0.721168 0.784869
vt 0.743046 0.784869
vt 0.743046 0.810503
vt 0.237105 0.683294
vt 0.258983 0.683294
vt 0.258983 0.942853
vt 0.237105 0.942853
vt 0.967446 0.007812
vt 0.989324 0.007812
vt 0.989324 0.267372
vt 0.967446 0.267372
vt 0.534337 0.007812
vt 0.559971 0.007812
vt 0.559971 0.776377
vt 0.534337 0.776377
vt 0.572553 0.007812
vt 0.598186 0.007812
vt 0.598186 0.776378
vt 0.572553 0.776378
vt 0.789107 0.810504
vt 0.789107 0.784870
vt 0.810985 0.784870
vt 0.810985 0.810504
vt 0.755138 0.007812
vt 0.777016 0.007812
vt 0.777016 0.776377
vt 0.755138 0.776377
vt 0.687199 0.007812
vt 0.709077 0.007812
vt 0.709077 0.776377
vt 0.687199 0.776377
vt 0.610768 0.007812
vt 0.636402 0.007812
vt 0.636402 0.776377
vt 0.610768 0.776377
vt 0.648984 0.007812
vt 0.674617 0.007812
vt 0.674617 0.776378
vt 0.648984 0.776378
vt 0.755138 0.810503
vt 0.755138 0.784869
vt 0.777016 0.784869
vt 0.777016 0.810503
vt 0.721168 0.007812
vt 0.743046 0.007812
vt 0.743046 0.776377
vt 0.721168 0.776377
vt 0.789107 0.007812
vt 0.810985 0.007812
vt 0.810985 0.776377
vt 0.789107 0.776377
vt 0.187854 0.817479
vt 0.160675 0.817479
vt 0.160674 0.345553
vt 0.187854 0.345553
vt 0.122459 0.345553
vt 0.149638 0.345553
vt 0.149638 0.817479
vt 0.122459 0.817479
vt 0.516617 0.345553
vt 0.516617 0.817479
vt 0.500368 0.817479
vt 0.500368 0.345553
vt 0.932741 0.007812
vt 0.932741 0.479738
vt 0.916492 0.479738
vt 0.916492 0.007812
vt 0.861292 0.793211
vt 0.861292 0.756282
vt 0.895001 0.756282
vt 0.895001 0.793211
vt 0.368737 0.345553
vt 0.405665 0.345553
vt 0.405665 0.644462
vt 0.368737 0.644462
vt 0.941969 0.811881
vt 0.941969 0.774953
vt 0.975678 0.774953
vt 0.975678 0.811881
vt 0.322029 0.345553
vt 0.358957 0.345553
vt 0.358957 0.644462
vt 0.322029 0.644462
vt 0.457906 0.644462
vt 0.457906 0.345553
vt 0.491615 0.345553
vt 0.491615 0.644462
vt 0.415444 0.644462
vt 0.415444 0.345553
vt 0.449153 0.345553
vt 0.449153 0.644462
vt 0.034992 0.817479
vt 0.007813 0.817479
vt 0.007812 0.345553
vt 0.034992 0.345553
vt 0.046028 0.345553
vt 0.073207 0.345553
vt 0.073207 0.817479
vt 0.046028 0.817479
vt 0.881787 0.007812
vt 0.881787 0.479738
vt 0.865538 0.479738
vt 0.865538 0.007812
vt 0.958218 0.007812
vt 0.958218 0.479738
vt 0.941969 0.479738
vt 0.941969 0.007812
vt 0.226069 0.817479
vt 0.198890 0.817479
vt 0.198890 0.345553
vt 0.226069 0.345553
vt 0.084244 0.345553
vt 0.111423 0.345553
vt 0.111423 0.817479
vt 0.084243 0.817479
vt 0.907264 0.007812
vt 0.907264 0.479738
vt 0.891015 0.479738
vt 0.891015 0.007812
vt 0.932741 0.488231
vt 0.932741 0.960156
vt 0.916492 0.960156
vt 0.916492 0.488231
vt 0.322029 0.652955
vt 0.349208 0.652955
vt 0.349208 0.894007
vt 0.322029 0.894007
vt 0.360244 0.652955
vt 0.387423 0.652955
vt 0.387423 0.894007
vt 0.360244 0.894007
vt 0.992188 0.525408
vt 0.992188 0.766461
vt 0.975938 0.766461
vt 0.975938 0.525408
vt 0.992188 0.275864
vt 0.992188 0.516916
vt 0.975938 0.516916
vt 0.975938 0.275864
vn -0.007973 0.000000 -0.999968
vn -0.007973 0.000000 -0.999968
vn -0.007973 0.000000 -0.999968
vn -0.007973 0.000000 -0.999968
vn 0.000000 1.000000 -0.000000
vn 0.000000 1.000000 -0.000000
vn 0.000000 1.000000 -0.000000
vn 0.000000 1.000000 -0.000000
vn 0.007972 0.000000 0.999968
vn 0.007972 0.000000 0.999968
vn 0.007972 0.000000 0.999968
vn 0.007972 0.000000 0.999968
vn 0.000000 -1.000000 0.000000
vn 0.000000 -1.000000 0.000000
vn 0.000000 -1.000000 0.000000
vn 0.000000 -1.000000 0.000000
vn -0.999968 0.000000 0.007973
vn -0.999968 0.000000 0.007973
vn -0.999968 0.000000 0.007973
vn -0.999968 0.000000 0.007973
vn 0.999968 0.000000 -0.007973
vn 0.999968 0.000000 -0.007973
vn 0.999968 0.000000 -0.007973
vn 0.999968 0.000000 -0.007973
vn -0.007972 0.000000 -0.999968
vn -0.007972 0.000000 -0.999968
vn -0.007972 0.000000 -0.999968
vn -0.007972 0.000000 -0.999968
vn 0.007979 0.000000 0.999968
vn 0.007979 0.000000 0.999968
vn 0.007979 0.000000 0.999968
vn 0.007979 0.000000 0.999968
vn 0.000000 -1.000000 0.000000
vn 0.000000 -1.000000 0.000000
vn 0.000000 -1.000000 0.000000
vn 0.000000 -1.000000 0.000000
vn -0.999968 0.000000 0.007965
vn -0.999968 0.000000 0.007965
vn -0.999968 0.000000 0.007965
vn -0.999968 0.000000 0.007965
vn 0.999968 0.000000 -0.007956
vn 0.999968 0.000000 -0.007956
vn 0.999968 0.000000 -0.007956
vn 0.999968 0.000000 -0.007956
vn -0.007972 0.000000 -0.999968
vn -0.007972 0.000000 -0.999968
vn -0.007972 0.000000 -0.999968
vn -0.007972 0.000000 -0.999968
vn 0.007979 0.000000 0.999968
vn 0.007979 0.000000 0.999968
vn 0.007979 0.000000 0.999968
vn 0.007979 0.000000 0.999968
vn 0.000000 -1.000000 0.000000
vn 0.000000 -1.000000 0.000000
vn 0.000000 -1.000000 0.000000
vn 0.000000 -1.000000 0.000000
vn -0.999968 0.000000 0.007965
vn -0.999968 0.000000 0.007965
vn -0.999968 0.000000 0.007965
vn -0.999968 0.000000 0.007965
vn 0.999968 0.000000 -0.007975
vn 0.999968 0.000000 -0.007975
vn 0.999968 0.000000 -0.007975
vn 0.999968 0.000000 -0.007975
vn -0.007976 0.000000 -0.999968
vn -0.007976 0.000000 -0.999968
vn -0.007976 0.000000 -0.999968
vn -0.007976 0.000000 -0.999968
vn 0.007966 0.000000 0.999968
vn 0.007966 0.000000 0.999968
vn 0.007966 0.000000 0.999968
vn 0.007966 0.000000 0.999968
vn 0.000000 -1.000000 0.000000
vn 0.000000 -1.000000 0.000000
vn 0.000000 -1.000000 0.000000
vn 0.000000 -1.000000 0.000000
vn -0.999968 0.000000 0.007975
vn -0.999968 0.000000 0.007975
vn -0.999968 0.000000 0.007975
vn -0.999968 0.000000 0.007975
vn 0.999968 0.000000 -0.007975
vn 0.999968 0.000000 -0.007975
vn 0.999968 0.000000 -0.007975
vn 0.999968 0.000000 -0.007975
vn -0.007966 0.000000 -0.999968
vn -0.007966 0.000000 -0.999968
vn -0.007966 0.000000 -0.999968
vn -0.007966 0.000000 -0.999968
vn 0.007976 0.000000 0.999968
vn 0.007976 0.000000 0.999968
vn 0.007976 0.000000 0.999968
vn 0.007976 0.000000 0.999968
vn 0.000000 -1.000000 0.000000
vn 0.000000 -1.000000 0.000000
vn 0.000000 -1.000000 0.000000
vn 0.000000 -1.000000 0.000000
vn -0.999968 0.000000 0.007975
vn -0.999968 0.000000 0.007975
vn -0.999968 0.000000 0.007975
vn -0.999968 0.000000 0.007975
vn 0.999968 0.000000 -0.007975
vn 0.999968 0.000000 -0.007975
vn 0.999968 0.000000 -0.007975
vn 0.999968 0.000000 -0.007975
vn 0.999968 -0.000000 -0.007979
vn 0.999968 -0.000000 -0.007979
vn 0.999968 -0.000000 -0.007979
vn 0.999968 -0.000000 -0.007979
vn -0.999968 0.000000 0.007971
vn -0.999968 0.000000 0.007971
vn -0.999968 0.000000 0.007971
vn -0.999968 0.000000 0.007971
vn 0.007953 0.000000 0.999968
vn 0.007953 0.000000 0.999968
vn 0.007953 0.000000 0.999968
vn 0.007953 0.000000 0.999968
vn -0.007953 -0.000000 -0.999968
vn -0.007953 -0.000000 -0.999968
vn -0.007953 -0.000000 -0.999968
vn -0.007953 -0.000000 -0.999968
vn -0.007974 0.000000 -0.999968
vn -0.007974 0.000000 -0.999968
vn -0.007974 0.000000 -0.999968
vn -0.007974 0.000000 -0.999968
vn 0.000000 1.000000 -0.000000
vn 0.000000 1.000000 -0.000000
vn 0.000000 1.000000 -0.000000
vn 0.000000 1.000000 -0.000000
vn 0.007974 0.000000 0.999968
vn 0.007974 0.000000 0.999968
vn 0.007974 0.000000 0.999968
vn 0.007974 0.000000 0.999968
vn 0.000000 -1.000000 -0.000000
vn 0.000000 -1.000000 -0.000000
vn 0.000000 -1.000000 -0.000000
vn 0.000000 -1.000000 -0.000000
vn -0.999968 0.000000 0.007972
vn -0.999968 0.000000 0.007972
vn -0.999968 0.000000 0.007972
vn -0.999968 0.000000 0.007972
vn 0.999968 0.000000 -0.007972
vn 0.999968 0.000000 -0.007972
vn 0.999968 0.000000 -0.007972
vn 0.999968 0.000000 -0.007972
vn 0.999968 -0.000000 -0.007979
vn 0.999968 -0.000000 -0.007979
vn 0.999968 -0.000000 -0.007979
vn 0.999968 -0.000000 -0.007979
vn -0.999968 -0.000000 0.007964
vn -0.999968 -0.000000 0.007964
vn -0.999968 -0.000000 0.007964
vn -0.999968 -0.000000 0.007964
vn 0.007976 0.000000 0.999968
vn 0.007976 0.000000 0.999968
vn 0.007976 0.000000 0.999968
vn 0.007976 0.000000 0.999968
vn -0.007976 -0.000000 -0.999968
vn -0.007976 -0.000000 -0.999968
vn -0.007976 -0.000000 -0.999968
vn -0.007976 -0.000000 -0.999968
vn 0.999968 0.000000 -0.007979
vn 0.999968 0.000000 -0.007979
vn 0.999968 0.000000 -0.007979
vn 0.999968 0.000000 -0.007979
vn -0.999968 0.000000 0.007971
vn -0.999968 0.000000 0.007971
vn -0.999968 0.000000 0.007971
vn -0.999968 0.000000 0.007971
vn 0.007976 0.000000 0.999968
vn 0.007976 0.000000 0.999968
vn 0.007976 0.000000 0.999968
vn 0.007976 0.000000 0.999968
vn -0.007976 0.000000 -0.999968
vn -0.007976 0.000000 -0.999968
vn -0.007976 0.000000 -0.999968
vn -0.007976 0.000000 -0.999968
vn 0.999968 -0.000014 -0.007972
vn 0.999968 -0.000014 -0.007972
vn 0.999968 -0.000014 -0.007972
vn 0.999968 -0.000014 -0.007972
vn -0.999968 0.000000 0.007972
vn -0.999968 0.000000 0.007972
vn -0.999968 0.000000 0.007972
vn -0.999968 0.000000 0.007972
vn -0.000000 1.000000 -0.000000
vn -0.000000 1.000000 -0.000000
vn -0.000000 1.000000 -0.000000
vn -0.000000 1.000000 -0.000000
vn 0.000000 -1.000000 0.000000
vn 0.000000 -1.000000 0.000000
vn 0.000000 -1.000000 0.000000
vn 0.000000 -1.000000 0.000000
s off
g EV_Chair11 Map01
usemtl T_EV_Chair02SG
f 1/17/1 2/18/2 4/19/3 3/20/4
f 3/9/5 4/10/6 6/11/7 5/12/8
f 5/21/9 6/22/10 8/23/11 7/24/12
f 7/13/13 8/14/14 2/15/15 1/16/16
f 2/1/17 8/2/18 6/3/19 4/4/20
f 7/5/21 1/6/22 3/7/23 5/8/24
f 9/25/25 10/26/26 12/27/27 11/28/28
f 13/29/29 14/30/30 16/31/31 15/32/32
f 15/33/33 16/34/34 10/35/35 9/36/36
f 10/37/37 16/38/38 14/39/39 12/40/40
f 15/41/41 9/42/42 11/43/43 13/44/44
f 17/45/45 18/46/46 20/47/47 19/48/48
f 21/49/49 22/50/50 24/51/51 23/52/52
f 23/53/53 24/54/54 18/55/55 17/56/56
f 18/57/57 24/58/58 22/59/59 20/60/60
f 23/61/61 17/62/62 19/63/63 21/64/64
f 25/65/65 26/66/66 28/67/67 27/68/68
f 29/69/69 30/70/70 32/71/71 31/72/72
f 31/73/73 32/74/74 26/75/75 25/76/76
f 26/77/77 32/78/78 30/79/79 28/80/80
f 31/81/81 25/82/82 27/83/83 29/84/84
f 33/85/85 34/86/86 36/87/87 35/88/88
f 37/89/89 38/90/90 40/91/91 39/92/92
f 39/93/93 40/94/94 34/95/95 33/96/96
f 34/97/97 40/98/98 38/99/99 36/100/100
f 39/101/101 33/102/102 35/103/103 37/104/104
f 43/105/105 44/106/106 46/107/107 45/108/108
f 47/109/109 48/110/110 42/111/111 41/112/112
f 42/113/113 48/114/114 46/115/115 44/116/116
f 47/117/117 41/118/118 43/119/119 45/120/120
f 49/121/121 50/122/122 52/123/123 51/124/124
f 51/125/125 52/126/126 54/127/127 53/128/128
f 53/129/129 54/130/130 56/131/131 55/132/132
f 55/133/133 56/134/134 50/135/135 49/136/136
f 50/137/137 56/138/138 54/139/139 52/140/140
f 55/141/141 49/142/142 51/143/143 53/144/144
f 59/145/145 60/146/146 62/147/147 61/148/148
f 63/149/149 64/150/150 58/151/151 57/152/152
f 58/153/153 64/154/154 62/155/155 60/156/156
f 63/157/157 57/158/158 59/159/159 61/160/160
f 67/161/161 68/162/162 70/163/163 69/164/164
f 71/165/165 72/166/166 66/167/167 65/168/168
f 66/169/169 72/170/170 70/171/171 68/172/172
f 71/173/173 65/174/174 67/175/175 69/176/176
f 75/177/177 76/178/178 78/179/179 77/180/180
f 79/181/181 80/182/182 74/183/183 73/184/184
f 74/185/185 80/186/186 78/187/187 76/188/188
f 79/189/189 73/190/190 75/191/191 77/192/192
g default
v -195.754272 3.930495 -380.309814
v 179.245728 3.930495 -380.309814
v -195.754272 3.930495 -880.309814
v 179.245728 3.930495 -880.309814
vt 0.000000 0.000000
vt 0.666667 0.000000
vt 0.000000 1.000000
vt 0.666667 1.000000
vn 0.000000 1.000000 0.000000
vn 0.000000 1.000000 0.000000
vn 0.000000 1.000000 0.000000
vn 0.000000 1.000000 0.000000
s off
g Map01 EV_Carpet02
usemtl lambert6SG
f 81/193/193 82/194/194 84/196/195 83/195/196
g default
v 510.695923 163.027649 315.971619
v 507.294891 163.027649 315.971619
v 510.695923 308.027649 315.971619
v 507.294891 308.027649 315.971619
v 510.695923 308.027649 415.971619
v 507.294891 308.027649 415.971619
v 510.695923 163.027649 415.971619
v 507.294891 163.027649 415.971619
vt 0.060187 0.001992
vt 0.747094 0.001992
vt 0.747094 0.998008
vt 0.060187 0.998008
vt 0.753629 0.001992
vt 0.776991 0.001992
vt 0.776991 0.688900
vt 0.753629 0.688900
vt 0.782827 0.001992
vt 0.806189 0.001992
vt 0.806189 0.688900
vt 0.782827 0.688900
vt 0.001609 0.001992
vt 0.024971 0.001992
vt 0.024971 0.998008
vt 0.001609 0.998008
vt 0.030989 0.001992
vt 0.054351 0.001992
vt 0.054351 0.998008
vt 0.030989 0.998008
vn 0.000000 0.000000 -1.000000
vn 0.000000 0.000000 -1.000000
vn 0.000000 0.000000 -1.000000
vn 0.000000 0.000000 -1.000000
vn 0.000000 1.000000 0.000000
vn 0.000000 1.000000 0.000000
vn 0.000000 1.000000 0.000000
vn 0.000000 1.000000 0.000000
vn 0.000000 0.000000 1.000000
vn 0.000000 0.000000 1.000000
vn 0.000000 0.000000 1.000000
vn 0.000000 0.000000 1.000000
vn 0.000000 -1.000000 0.000000
vn 0.000000 -1.000000 0.000000
vn 0.000000 -1.000000 0.000000
vn 0.000000 -1.000000 0.000000
vn -1.000000 0.000000 0.000000
vn -1.000000 0.000000 0.000000
vn -1.000000 0.000000 0.000000
vn -1.000000 0.000000 0.000000
s off
g Map01 EV_Picture02
usemtl lambert9SG
f 85/209/197 86/210/198 88/211/199 87/212/200
f 87/201/201 88/202/202 90/203/203 89/204/204
f 89/213/205 90/214/206 92/215/207 91/216/208
f 91/205/209 92/206/210 86/207/211 85/208/212
f 86/197/213 92/198/214 90/199/215 88/200/216
g default
v 509.161255 129.240311 395.328491
v 511.161255 129.240311 395.328491
v 509.161255 159.240311 395.328491
v 511.161255 159.240311 395.328491
v 509.161255 159.240311 335.328491
v 511.161255 159.240311 335.328491
v 509.161255 129.240311 335.328491
v 511.161255 129.240311 335.328491
vt 0.003906 0.003906
vt 0.996093 0.003906
vt 0.996093 0.500000
vt 0.003906 0.500000
vt 0.996094 0.504245
vt 0.996094 0.537318
vt 0.003906 0.537319
vt 0.003906 0.504246
vt 0.996094 0.541564
vt 0.996094 0.574637
vt 0.003906 0.574637
vt 0.003906 0.541564
vt 0.995680 0.616201
vt 0.995679 0.649274
vt 0.499586 0.649274
vt 0.499586 0.616201
vt 0.995680 0.578883
vt 0.995680 0.611956
vt 0.499586 0.611956
vt 0.499586 0.578883
vn 0.000000 0.000000 1.000000
vn 0.000000 0.000000 1.000000
vn 0.000000 0.000000 1.000000
vn 0.000000 0.000000 1.000000
vn 0.000000 1.000000 0.000000
vn 0.000000 1.000000 0.000000
vn 0.000000 1.000000 0.000000
vn 0.000000 1.000000 0.000000
vn 0.000000 0.000000 -1.000000
vn 0.000000 0.000000 -1.000000
vn 0.000000 0.000000 -1.000000
vn 0.000000 0.000000 -1.000000
vn 0.000000 -1.000000 0.000000
vn 0.000000 -1.000000 0.000000
vn 0.000000 -1.000000 0.000000
vn 0.000000 -1.000000 0.000000
vn -1.000000 0.000000 0.000000
vn -1.000000 0.000000 0.000000
vn -1.000000 0.000000 0.000000
vn -1.000000 0.000000 0.000000
s off
g Map01 EV_Board01_low1
usemtl lambert11SG
f 93/229/217 94/230/218 96/231/219 95/232/220
f 95/221/221 96/222/222 98/223/223 97/224/224
f 97/233/225 98/234/226 100/235/227 99/236/228
f 99/225/229 100/226/230 94/227/231 93/228/232
f 99/217/233 93/218/234 95/219/235 97/220/236
g default
v -195.754272 3.930495 119.690155
v 179.245728 3.930495 119.690155
v -195.754272 3.930495 -380.309814
v 179.245728 3.930495 -380.309814
vt 0.000000 0.000000
vt 0.666667 0.000000
vt 0.000000 1.000000
vt 0.666667 1.000000
vn 0.000000 1.000000 0.000000
vn 0.000000 1.000000 0.000000
vn 0.000000 1.000000 0.000000
vn 0.000000 1.000000 0.000000
s off
g Map01 EV_Carpet03
usemtl lambert6SG
f 101/237/237 102/238/238 104/240/239 103/239/240
g default
v -195.754272 3.930495 619.690186
v 179.245728 3.930495 619.690186
v -195.754272 3.930495 119.690186
v 179.245728 3.930495 119.690186
vt 0.000000 0.000000
vt 0.666667 0.000000
vt 0.000000 1.000000
vt 0.666667 1.000000
vn 0.000000 1.000000 0.000000
vn 0.000000 1.000000 0.000000
vn 0.000000 1.000000 0.000000
vn 0.000000 1.000000 0.000000
s off
g Map01 EV_Carpet04
usemtl lambert6SG
f 105/241/241 106/242/242 108/244/243 107/243/244
g default
v -195.754272 3.930495 1119.690186
v 179.245728 3.930495 1119.690186
v -195.754272 3.930495 619.690247
v 179.245728 3.930495 619.690247
vt 0.000000 0.000000
vt 0.666667 0.000000
vt 0.000000 1.000000
vt 0.666667 1.000000
vn 0.000000 1.000000 0.000000
vn 0.000000 1.000000 0.000000
vn 0.000000 1.000000 0.000000
vn 0.000000 1.000000 0.000000
s off
g Map01 EV_Carpet05
usemtl lambert6SG
f 109/245/245 110/246/246 112/248/247 111/247/248
g default
v 499.530579 38.500000 -149.602386
v 450.695251 38.500000 -149.213043
v 499.530579 43.500000 -149.602386
v 450.695251 43.500000 -149.213043
v 499.827637 43.500000 -112.343819
v 450.992310 43.500000 -111.954475
v 499.827637 38.500000 -112.343819
v 450.992310 38.500000 -111.954475
v 457.030640 0.000000 -147.256165
v 453.228516 0.000000 -147.225861
v 457.030640 38.500011 -147.256165
v 453.228516 38.500011 -147.225861
v 457.056458 38.500011 -144.011169
v 453.254364 38.500011 -143.980835
v 457.056458 0.000000 -144.011169
v 453.254364 0.000000 -143.980835
v 457.269775 0.000000 -117.257111
v 453.467682 0.000000 -117.226807
v 457.269775 38.500011 -117.257111
v 453.467682 38.500011 -117.226807
v 457.295654 38.500011 -114.012115
v 453.493530 38.500011 -113.981781
v 457.295654 0.000000 -114.012115
v 453.493530 0.000000 -113.981781
v 496.077881 0.000000 -152.067627
v 492.275757 0.000000 -152.037292
v 496.077881 114.000000 -152.067627
v 492.275757 114.000000 -152.037292
v 496.103760 114.000000 -148.822601
v 492.301636 114.000000 -148.792297
v 496.103760 0.000000 -148.822601
v 492.301636 0.000000 -148.792297
v 496.388794 0.000000 -113.068848
v 492.586670 0.000000 -113.038544
v 496.388794 114.000000 -113.068848
v 492.586670 114.000000 -113.038544
v 496.414673 114.000000 -109.823853
v 492.612549 114.000000 -109.793518
v 496.414673 0.000000 -109.823853
v 492.612549 0.000000 -109.793518
v 492.850403 113.500000 -132.866547
v 492.882538 113.500000 -128.835236
v 495.260529 113.500000 -132.885742
v 495.292694 113.500000 -128.854431
v 495.260529 43.500000 -132.885727
v 495.292694 43.500000 -128.854416
v 492.850403 43.500000 -132.866531
v 492.882538 43.500000 -128.835220
v 496.907166 113.500000 -153.120056
v 491.429810 113.500000 -153.076385
v 496.907166 118.500000 -153.120056
v 491.429810 118.500000 -153.076385
v 497.260620 118.500000 -108.784760
v 491.783264 118.500000 -108.741089
v 497.260620 113.500000 -108.784760
v 491.783264 113.500000 -108.741089
v 492.770691 113.500000 -142.866211
v 492.802795 113.500000 -138.834900
v 495.180817 113.500000 -142.885437
v 495.212982 113.500000 -138.854126
v 495.180817 43.500000 -142.885422
v 495.212982 43.500000 -138.854111
v 492.770691 43.500000 -142.866196
v 492.802795 43.500000 -138.834885
v 492.930115 113.500000 -122.866852
v 492.962250 113.500000 -118.835541
v 495.340240 113.500000 -122.886078
v 495.372406 113.500000 -118.854767
v 495.340240 43.500000 -122.886063
v 495.372406 43.500000 -118.854752
v 492.930115 43.500000 -122.866837
v 492.962250 43.500000 -118.835526
v 492.723389 24.052185 -148.795654
v 492.723389 28.083618 -148.795654
v 495.133514 24.052185 -148.814880
v 495.133575 28.083618 -148.814880
v 495.418549 24.052200 -113.061127
v 495.418610 28.083633 -113.061127
v 493.008423 24.052200 -113.041901
v 493.008423 28.083633 -113.041901
vt 0.823076 0.259010
vt 0.823076 0.007812
vt 0.856785 0.007812
vt 0.856785 0.259010
vt 0.823076 0.518700
vt 0.823076 0.267502
vt 0.856785 0.267502
vt 0.856785 0.518700
vt 0.007812 0.337061
vt 0.007812 0.007812
vt 0.259010 0.007812
vt 0.259010 0.337061
vt 0.271075 0.337061
vt 0.271075 0.007812
vt 0.522272 0.007812
vt 0.522272 0.337061
vt 0.237105 0.674802
vt 0.237105 0.345553
vt 0.270814 0.345553
vt 0.270814 0.674802
vt 0.279567 0.674801
vt 0.279567 0.345553
vt 0.313276 0.345553
vt 0.313276 0.674801
vt 0.823076 0.527192
vt 0.848710 0.527192
vt 0.848710 0.786752
vt 0.823076 0.786752
vt 0.457906 0.652955
vt 0.483540 0.652955
vt 0.483540 0.912514
vt 0.457906 0.912514
vt 0.687199 0.810504
vt 0.687199 0.784870
vt 0.709077 0.784870
vt 0.709077 0.810504
vt 0.279567 0.683294
vt 0.301445 0.683294
vt 0.301445 0.942853
vt 0.279567 0.942853
vt 0.941969 0.488231
vt 0.963847 0.488231
vt 0.963847 0.747790
vt 0.941969 0.747790
vt 0.865538 0.488231
vt 0.891172 0.488231
vt 0.891172 0.747790
vt 0.865538 0.747790
vt 0.415444 0.652955
vt 0.441078 0.652955
vt 0.441078 0.912514
vt 0.415444 0.912514
vt 0.721168 0.810503
vt 0.721168 0.784869
vt 0.743046 0.784869
vt 0.743046 0.810503
vt 0.237105 0.683294
vt 0.258983 0.683294
vt 0.258983 0.942853
vt 0.237105 0.942853
vt 0.967446 0.007812
vt 0.989324 0.007812
vt 0.989324 0.267372
vt 0.967446 0.267372
vt 0.534337 0.007812
vt 0.559971 0.007812
vt 0.559971 0.776377
vt 0.534337 0.776377
vt 0.572553 0.007812
vt 0.598186 0.007812
vt 0.598186 0.776378
vt 0.572553 0.776378
vt 0.789107 0.810504
vt 0.789107 0.784870
vt 0.810985 0.784870
vt 0.810985 0.810504
vt 0.755138 0.007812
vt 0.777016 0.007812
vt 0.777016 0.776377
vt 0.755138 0.776377
vt 0.687199 0.007812
vt 0.709077 0.007812
vt 0.709077 0.776377
vt 0.687199 0.776377
vt 0.610768 0.007812
vt 0.636402 0.007812
vt 0.636402 0.776377
vt 0.610768 0.776377
vt 0.648984 0.007812
vt 0.674617 0.007812
vt 0.674617 0.776378
vt 0.648984 0.776378
vt 0.755138 0.810503
vt 0.755138 0.784869
vt 0.777016 0.784869
vt 0.777016 0.810503
vt 0.721168 0.007812
vt 0.743046 0.007812
vt 0.743046 0.776377
vt 0.721168 0.776377
vt 0.789107 0.007812
vt 0.810985 0.007812
vt 0.810985 0.776377
vt 0.789107 0.776377
vt 0.187854 0.817479
vt 0.160675 0.817479
vt 0.160674 0.345553
vt 0.187854 0.345553
vt 0.122459 0.345553
vt 0.149638 0.345553
vt 0.149638 0.817479
vt 0.122459 0.817479
vt 0.516617 0.345553
vt 0.516617 0.817479
vt 0.500368 0.817479
vt 0.500368 0.345553
vt 0.932741 0.007812
vt 0.932741 0.479738
vt 0.916492 0.479738
vt 0.916492 0.007812
vt 0.861292 0.793211
vt 0.861292 0.756282
vt 0.895001 0.756282
vt 0.895001 0.793211
vt 0.368737 0.345553
vt 0.405665 0.345553
vt 0.405665 0.644462
vt 0.368737 0.644462
vt 0.941969 0.811881
vt 0.941969 0.774953
vt 0.975678 0.774953
vt 0.975678 0.811881
vt 0.322029 0.345553
vt 0.358957 0.345553
vt 0.358957 0.644462
vt 0.322029 0.644462
vt 0.457906 0.644462
vt 0.457906 0.345553
vt 0.491615 0.345553
vt 0.491615 0.644462
vt 0.415444 0.644462
vt 0.415444 0.345553
vt 0.449153 0.345553
vt 0.449153 0.644462
vt 0.034992 0.817479
vt 0.007813 0.817479
vt 0.007812 0.345553
vt 0.034992 0.345553
vt 0.046028 0.345553
vt 0.073207 0.345553
vt 0.073207 0.817479
vt 0.046028 0.817479
vt 0.881787 0.007812
vt 0.881787 0.479738
vt 0.865538 0.479738
vt 0.865538 0.007812
vt 0.958218 0.007812
vt 0.958218 0.479738
vt 0.941969 0.479738
vt 0.941969 0.007812
vt 0.226069 0.817479
vt 0.198890 0.817479
vt 0.198890 0.345553
vt 0.226069 0.345553
vt 0.084244 0.345553
vt 0.111423 0.345553
vt 0.111423 0.817479
vt 0.084243 0.817479
vt 0.907264 0.007812
vt 0.907264 0.479738
vt 0.891015 0.479738
vt 0.891015 0.007812
vt 0.932741 0.488231
vt 0.932741 0.960156
vt 0.916492 0.960156
vt 0.916492 0.488231
vt 0.322029 0.652955
vt 0.349208 0.652955
vt 0.349208 0.894007
vt 0.322029 0.894007
vt 0.360244 0.652955
vt 0.387423 0.652955
vt 0.387423 0.894007
vt 0.360244 0.894007
vt 0.992188 0.525408
vt 0.992188 0.766461
vt 0.975938 0.766461
vt 0.975938 0.525408
vt 0.992188 0.275864
vt 0.992188 0.516916
vt 0.975938 0.516916
vt 0.975938 0.275864
vn -0.007973 0.000000 -0.999968
vn -0.007973 0.000000 -0.999968
vn -0.007973 0.000000 -0.999968
vn -0.007973 0.000000 -0.999968
vn 0.000000 1.000000 -0.000000
vn 0.000000 1.000000 -0.000000
vn 0.000000 1.000000 -0.000000
vn 0.000000 1.000000 -0.000000
vn 0.007972 0.000000 0.999968
vn 0.007972 0.000000 0.999968
vn 0.007972 0.000000 0.999968
vn 0.007972 0.000000 0.999968
vn 0.000000 -1.000000 0.000000
vn 0.000000 -1.000000 0.000000
vn 0.000000 -1.000000 0.000000
vn 0.000000 -1.000000 0.000000
vn -0.999968 0.000000 0.007973
vn -0.999968 0.000000 0.007973
vn -0.999968 0.000000 0.007973
vn -0.999968 0.000000 0.007973
vn 0.999968 0.000000 -0.007973
vn 0.999968 0.000000 -0.007973
vn 0.999968 0.000000 -0.007973
vn 0.999968 0.000000 -0.007973
vn -0.007972 0.000000 -0.999968
vn -0.007972 0.000000 -0.999968
vn -0.007972 0.000000 -0.999968
vn -0.007972 0.000000 -0.999968
vn 0.007979 0.000000 0.999968
vn 0.007979 0.000000 0.999968
vn 0.007979 0.000000 0.999968
vn 0.007979 0.000000 0.999968
vn 0.000000 -1.000000 0.000000
vn 0.000000 -1.000000 0.000000
vn 0.000000 -1.000000 0.000000
vn 0.000000 -1.000000 0.000000
vn -0.999968 0.000000 0.007965
vn -0.999968 0.000000 0.007965
vn -0.999968 0.000000 0.007965
vn -0.999968 0.000000 0.007965
vn 0.999968 0.000000 -0.007956
vn 0.999968 0.000000 -0.007956
vn 0.999968 0.000000 -0.007956
vn 0.999968 0.000000 -0.007956
vn -0.007969 0.000000 -0.999968
vn -0.007969 0.000000 -0.999968
vn -0.007969 0.000000 -0.999968
vn -0.007969 0.000000 -0.999968
vn 0.007979 0.000000 0.999968
vn 0.007979 0.000000 0.999968
vn 0.007979 0.000000 0.999968
vn 0.007979 0.000000 0.999968
vn 0.000000 -1.000000 0.000000
vn 0.000000 -1.000000 0.000000
vn 0.000000 -1.000000 0.000000
vn 0.000000 -1.000000 0.000000
vn -0.999968 0.000000 0.007965
vn -0.999968 0.000000 0.007965
vn -0.999968 0.000000 0.007965
vn -0.999968 0.000000 0.007965
vn 0.999968 0.000000 -0.007975
vn 0.999968 0.000000 -0.007975
vn 0.999968 0.000000 -0.007975
vn 0.999968 0.000000 -0.007975
vn -0.007976 0.000000 -0.999968
vn -0.007976 0.000000 -0.999968
vn -0.007976 0.000000 -0.999968
vn -0.007976 0.000000 -0.999968
vn 0.007971 0.000000 0.999968
vn 0.007971 0.000000 0.999968
vn 0.007971 0.000000 0.999968
vn 0.007971 0.000000 0.999968
vn 0.000000 -1.000000 0.000000
vn 0.000000 -1.000000 0.000000
vn 0.000000 -1.000000 0.000000
vn 0.000000 -1.000000 0.000000
vn -0.999968 0.000000 0.007975
vn -0.999968 0.000000 0.007975
vn -0.999968 0.000000 0.007975
vn -0.999968 0.000000 0.007975
vn 0.999968 0.000000 -0.007975
vn 0.999968 0.000000 -0.007975
vn 0.999968 0.000000 -0.007975
vn 0.999968 0.000000 -0.007975
vn -0.007971 0.000000 -0.999968
vn -0.007971 0.000000 -0.999968
vn -0.007971 0.000000 -0.999968
vn -0.007971 0.000000 -0.999968
vn 0.007978 0.000000 0.999968
vn 0.007978 0.000000 0.999968
vn 0.007978 0.000000 0.999968
vn 0.007978 0.000000 0.999968
vn 0.000000 -1.000000 0.000000
vn 0.000000 -1.000000 0.000000
vn 0.000000 -1.000000 0.000000
vn 0.000000 -1.000000 0.000000
vn -0.999968 0.000000 0.007975
vn -0.999968 0.000000 0.007975
vn -0.999968 0.000000 0.007975
vn -0.999968 0.000000 0.007975
vn 0.999968 0.000000 -0.007975
vn 0.999968 0.000000 -0.007975
vn 0.999968 0.000000 -0.007975
vn 0.999968 0.000000 -0.007975
vn 0.999968 -0.000000 -0.007979
vn 0.999968 -0.000000 -0.007979
vn 0.999968 -0.000000 -0.007979
vn 0.999968 -0.000000 -0.007979
vn -0.999968 0.000000 0.007971
vn -0.999968 0.000000 0.007971
vn -0.999968 0.000000 0.007971
vn -0.999968 0.000000 0.007971
vn 0.007965 0.000000 0.999968
vn 0.007965 0.000000 0.999968
vn 0.007965 0.000000 0.999968
vn 0.007965 0.000000 0.999968
vn -0.007965 -0.000000 -0.999968
vn -0.007965 -0.000000 -0.999968
vn -0.007965 -0.000000 -0.999968
vn -0.007965 -0.000000 -0.999968
vn -0.007972 0.000000 -0.999968
vn -0.007972 0.000000 -0.999968
vn -0.007972 0.000000 -0.999968
vn -0.007972 0.000000 -0.999968
vn 0.000000 1.000000 -0.000000
vn 0.000000 1.000000 -0.000000
vn 0.000000 1.000000 -0.000000
vn 0.000000 1.000000 -0.000000
vn 0.007974 0.000000 0.999968
vn 0.007974 0.000000 0.999968
vn 0.007974 0.000000 0.999968
vn 0.007974 0.000000 0.999968
vn 0.000000 -1.000000 -0.000000
vn 0.000000 -1.000000 -0.000000
vn 0.000000 -1.000000 -0.000000
vn 0.000000 -1.000000 -0.000000
vn -0.999968 0.000000 0.007972
vn -0.999968 0.000000 0.007972
vn -0.999968 0.000000 0.007972
vn -0.999968 0.000000 0.007972
vn 0.999968 0.000000 -0.007972
vn 0.999968 0.000000 -0.007972
vn 0.999968 0.000000 -0.007972
vn 0.999968 0.000000 -0.007972
vn 0.999968 -0.000000 -0.007979
vn 0.999968 -0.000000 -0.007979
vn 0.999968 -0.000000 -0.007979
vn 0.999968 -0.000000 -0.007979
vn -0.999968 0.000000 0.007964
vn -0.999968 0.000000 0.007964
vn -0.999968 0.000000 0.007964
vn -0.999968 0.000000 0.007964
vn 0.007976 0.000000 0.999968
vn 0.007976 0.000000 0.999968
vn 0.007976 0.000000 0.999968
vn 0.007976 0.000000 0.999968
vn -0.007976 -0.000000 -0.999968
vn -0.007976 -0.000000 -0.999968
vn -0.007976 -0.000000 -0.999968
vn -0.007976 -0.000000 -0.999968
vn 0.999968 -0.000000 -0.007979
vn 0.999968 -0.000000 -0.007979
vn 0.999968 -0.000000 -0.007979
vn 0.999968 -0.000000 -0.007979
vn -0.999968 0.000000 0.007971
vn -0.999968 0.000000 0.007971
vn -0.999968 0.000000 0.007971
vn -0.999968 0.000000 0.007971
vn 0.007976 0.000000 0.999968
vn 0.007976 0.000000 0.999968
vn 0.007976 0.000000 0.999968
vn 0.007976 0.000000 0.999968
vn -0.007982 -0.000000 -0.999968
vn -0.007982 -0.000000 -0.999968
vn -0.007982 -0.000000 -0.999968
vn -0.007982 -0.000000 -0.999968
vn 0.999968 -0.000014 -0.007972
vn 0.999968 -0.000014 -0.007972
vn 0.999968 -0.000014 -0.007972
vn 0.999968 -0.000014 -0.007972
vn -0.999968 0.000000 0.007972
vn -0.999968 0.000000 0.007972
vn -0.999968 0.000000 0.007972
vn -0.999968 0.000000 0.007972
vn -0.000000 1.000000 -0.000000
vn -0.000000 1.000000 -0.000000
vn -0.000000 1.000000 -0.000000
vn -0.000000 1.000000 -0.000000
vn 0.000000 -1.000000 0.000000
vn 0.000000 -1.000000 0.000000
vn 0.000000 -1.000000 0.000000
vn 0.000000 -1.000000 0.000000
s off
g Map01 EV_Chair13
usemtl T_EV_Chair02SG
f 113/265/249 114/266/250 116/267/251 115/268/252
f 115/257/253 116/258/254 118/259/255 117/260/256
f 117/269/257 118/270/258 120/271/259 119/272/260
f 119/261/261 120/262/262 114/263/263 113/264/264
f 114/249/265 120/250/266 118/251/267 116/252/268
f 119/253/269 113/254/270 115/255/271 117/256/272
f 121/273/273 122/274/274 124/275/275 123/276/276
f 125/277/277 126/278/278 128/279/279 127/280/280
f 127/281/281 128/282/282 122/283/283 121/284/284
f 122/285/285 128/286/286 126/287/287 124/288/288
f 127/289/289 121/290/290 123/291/291 125/292/292
f 129/293/293 130/294/294 132/295/295 131/296/296
f 133/297/297 134/298/298 136/299/299 135/300/300
f 135/301/301 136/302/302 130/303/303 129/304/304
f 130/305/305 136/306/306 134/307/307 132/308/308
f 135/309/309 129/310/310 131/311/311 133/312/312
f 137/313/313 138/314/314 140/315/315 139/316/316
f 141/317/317 142/318/318 144/319/319 143/320/320
f 143/321/321 144/322/322 138/323/323 137/324/324
f 138/325/325 144/326/326 142/327/327 140/328/328
f 143/329/329 137/330/330 139/331/331 141/332/332
f 145/333/333 146/334/334 148/335/335 147/336/336
f 149/337/337 150/338/338 152/339/339 151/340/340
f 151/341/341 152/342/342 146/343/343 145/344/344
f 146/345/345 152/346/346 150/347/347 148/348/348
f 151/349/349 145/350/350 147/351/351 149/352/352
f 155/353/353 156/354/354 158/355/355 157/356/356
f 159/357/357 160/358/358 154/359/359 153/360/360
f 154/361/361 160/362/362 158/363/363 156/364/364
f 159/365/365 153/366/366 155/367/367 157/368/368
f 161/369/369 162/370/370 164/371/371 163/372/372
f 163/373/373 164/374/374 166/375/375 165/376/376
f 165/377/377 166/378/378 168/379/379 167/380/380
f 167/381/381 168/382/382 162/383/383 161/384/384
f 162/385/385 168/386/386 166/387/387 164/388/388
f 167/389/389 161/390/390 163/391/391 165/392/392
f 171/393/393 172/394/394 174/395/395 173/396/396
f 175/397/397 176/398/398 170/399/399 169/400/400
f 170/401/401 176/402/402 174/403/403 172/404/404
f 175/405/405 169/406/406 171/407/407 173/408/408
f 179/409/409 180/410/410 182/411/411 181/412/412
f 183/413/413 184/414/414 178/415/415 177/416/416
f 178/417/417 184/418/418 182/419/419 180/420/420
f 183/421/421 177/422/422 179/423/423 181/424/424
f 187/425/425 188/426/426 190/427/427 189/428/428
f 191/429/429 192/430/430 186/431/431 185/432/432
f 186/433/433 192/434/434 190/435/435 188/436/436
f 191/437/437 185/438/438 187/439/439 189/440/440
g default
v 499.530579 38.500000 -656.316528
v 450.695251 38.500000 -655.927185
v 499.530579 43.500000 -656.316528
v 450.695251 43.500000 -655.927185
v 499.827637 43.500000 -619.057983
v 450.992310 43.500000 -618.668701
v 499.827637 38.500000 -619.057983
v 450.992310 38.500000 -618.668701
v 457.030640 0.000000 -653.970337
v 453.228516 0.000000 -653.940063
v 457.030640 38.500011 -653.970337
v 453.228516 38.500011 -653.940063
v 457.056458 38.500011 -650.725342
v 453.254364 38.500011 -650.695007
v 457.056458 0.000000 -650.725342
v 453.254364 0.000000 -650.695007
v 457.269775 0.000000 -623.971313
v 453.467682 0.000000 -623.940979
v 457.269775 38.500011 -623.971313
v 453.467682 38.500011 -623.940979
v 457.295654 38.500011 -620.726318
v 453.493530 38.500011 -620.695923
v 457.295654 0.000000 -620.726318
v 453.493530 0.000000 -620.695923
v 496.077881 0.000000 -658.781799
v 492.275757 0.000000 -658.751465
v 496.077881 114.000000 -658.781799
v 492.275757 114.000000 -658.751465
v 496.103760 114.000000 -655.536743
v 492.301636 114.000000 -655.506470
v 496.103760 0.000000 -655.536743
v 492.301636 0.000000 -655.506470
v 496.388794 0.000000 -619.783020
v 492.586670 0.000000 -619.752686
v 496.388794 114.000000 -619.783020
v 492.586670 114.000000 -619.752686
v 496.414673 114.000000 -616.538025
v 492.612549 114.000000 -616.507690
v 496.414673 0.000000 -616.538025
v 492.612549 0.000000 -616.507690
v 492.850403 113.500000 -639.580750
v 492.882538 113.500000 -635.549438
v 495.260529 113.500000 -639.599915
v 495.292694 113.500000 -635.568604
v 495.260529 43.500000 -639.599915
v 495.292694 43.500000 -635.568604
v 492.850403 43.500000 -639.580688
v 492.882538 43.500000 -635.549377
v 496.907166 113.500000 -659.834229
v 491.429810 113.500000 -659.790588
v 496.907166 118.500000 -659.834229
v 491.429810 118.500000 -659.790588
v 497.260620 118.500000 -615.498901
v 491.783264 118.500000 -615.455200
v 497.260620 113.500000 -615.498901
v 491.783264 113.500000 -615.455200
v 492.770691 113.500000 -649.580383
v 492.802795 113.500000 -645.549072
v 495.180817 113.500000 -649.599609
v 495.212982 113.500000 -645.568298
v 495.180817 43.500000 -649.599548
v 495.212982 43.500000 -645.568237
v 492.770691 43.500000 -649.580383
v 492.802795 43.500000 -645.549072
v 492.930115 113.500000 -629.580994
v 492.962250 113.500000 -625.549683
v 495.340240 113.500000 -629.600281
v 495.372406 113.500000 -625.568970
v 495.340240 43.500000 -629.600220
v 495.372406 43.500000 -625.568909
v 492.930115 43.500000 -629.580994
v 492.962250 43.500000 -625.549683
v 492.723389 24.052185 -655.509827
v 492.723389 28.083618 -655.509827
v 495.133514 24.052185 -655.529053
v 495.133575 28.083618 -655.529053
v 495.418549 24.052200 -619.775269
v 495.418610 28.083633 -619.775269
v 493.008423 24.052200 -619.756104
v 493.008423 28.083633 -619.756104
vt 0.823076 0.259010
vt 0.823076 0.007812
vt 0.856785 0.007812
vt 0.856785 0.259010
vt 0.823076 0.518700
vt 0.823076 0.267502
vt 0.856785 0.267502
vt 0.856785 0.518700
vt 0.007812 0.337061
vt 0.007812 0.007812
vt 0.259010 0.007812
vt 0.259010 0.337061
vt 0.271075 0.337061
vt 0.271075 0.007812
vt 0.522272 0.007812
vt 0.522272 0.337061
vt 0.237105 0.674802
vt 0.237105 0.345553
vt 0.270814 0.345553
vt 0.270814 0.674802
vt 0.279567 0.674801
vt 0.279567 0.345553
vt 0.313276 0.345553
vt 0.313276 0.674801
vt 0.823076 0.527192
vt 0.848710 0.527192
vt 0.848710 0.786752
vt 0.823076 0.786752
vt 0.457906 0.652955
vt 0.483540 0.652955
vt 0.483540 0.912514
vt 0.457906 0.912514
vt 0.687199 0.810504
vt 0.687199 0.784870
vt 0.709077 0.784870
vt 0.709077 0.810504
vt 0.279567 0.683294
vt 0.301445 0.683294
vt 0.301445 0.942853
vt 0.279567 0.942853
vt 0.941969 0.488231
vt 0.963847 0.488231
vt 0.963847 0.747790
vt 0.941969 0.747790
vt 0.865538 0.488231
vt 0.891172 0.488231
vt 0.891172 0.747790
vt 0.865538 0.747790
vt 0.415444 0.652955
vt 0.441078 0.652955
vt 0.441078 0.912514
vt 0.415444 0.912514
vt 0.721168 0.810503
vt 0.721168 0.784869
vt 0.743046 0.784869
vt 0.743046 0.810503
vt 0.237105 0.683294
vt 0.258983 0.683294
vt 0.258983 0.942853
vt 0.237105 0.942853
vt 0.967446 0.007812
vt 0.989324 0.007812
vt 0.989324 0.267372
vt 0.967446 0.267372
vt 0.534337 0.007812
vt 0.559971 0.007812
vt 0.559971 0.776377
vt 0.534337 0.776377
vt 0.572553 0.007812
vt 0.598186 0.007812
vt 0.598186 0.776378
vt 0.572553 0.776378
vt 0.789107 0.810504
vt 0.789107 0.784870
vt 0.810985 0.784870
vt 0.810985 0.810504
vt 0.755138 0.007812
vt 0.777016 0.007812
vt 0.777016 0.776377
vt 0.755138 0.776377
vt 0.687199 0.007812
vt 0.709077 0.007812
vt 0.709077 0.776377
vt 0.687199 0.776377
vt 0.610768 0.007812
vt 0.636402 0.007812
vt 0.636402 0.776377
vt 0.610768 0.776377
vt 0.648984 0.007812
vt 0.674617 0.007812
vt 0.674617 0.776378
vt 0.648984 0.776378
vt 0.755138 0.810503
vt 0.755138 0.784869
vt 0.777016 0.784869
vt 0.777016 0.810503
vt 0.721168 0.007812
vt 0.743046 0.007812
vt 0.743046 0.776377
vt 0.721168 0.776377
vt 0.789107 0.007812
vt 0.810985 0.007812
vt 0.810985 0.776377
vt 0.789107 0.776377
vt 0.187854 0.817479
vt 0.160675 0.817479
vt 0.160674 0.345553
vt 0.187854 0.345553
vt 0.122459 0.345553
vt 0.149638 0.345553
vt 0.149638 0.817479
vt 0.122459 0.817479
vt 0.516617 0.345553
vt 0.516617 0.817479
vt 0.500368 0.817479
vt 0.500368 0.345553
vt 0.932741 0.007812
vt 0.932741 0.479738
vt 0.916492 0.479738
vt 0.916492 0.007812
vt 0.861292 0.793211
vt 0.861292 0.756282
vt 0.895001 0.756282
vt 0.895001 0.793211
vt 0.368737 0.345553
vt 0.405665 0.345553
vt 0.405665 0.644462
vt 0.368737 0.644462
vt 0.941969 0.811881
vt 0.941969 0.774953
vt 0.975678 0.774953
vt 0.975678 0.811881
vt 0.322029 0.345553
vt 0.358957 0.345553
vt 0.358957 0.644462
vt 0.322029 0.644462
vt 0.457906 0.644462
vt 0.457906 0.345553
vt 0.491615 0.345553
vt 0.491615 0.644462
vt 0.415444 0.644462
vt 0.415444 0.345553
vt 0.449153 0.345553
vt 0.449153 0.644462
vt 0.034992 0.817479
vt 0.007813 0.817479
vt 0.007812 0.345553
vt 0.034992 0.345553
vt 0.046028 0.345553
vt 0.073207 0.345553
vt 0.073207 0.817479
vt 0.046028 0.817479
vt 0.881787 0.007812
vt 0.881787 0.479738
vt 0.865538 0.479738
vt 0.865538 0.007812
vt 0.958218 0.007812
vt 0.958218 0.479738
vt 0.941969 0.479738
vt 0.941969 0.007812
vt 0.226069 0.817479
vt 0.198890 0.817479
vt 0.198890 0.345553
vt 0.226069 0.345553
vt 0.084244 0.345553
vt 0.111423 0.345553
vt 0.111423 0.817479
vt 0.084243 0.817479
vt 0.907264 0.007812
vt 0.907264 0.479738
vt 0.891015 0.479738
vt 0.891015 0.007812
vt 0.932741 0.488231
vt 0.932741 0.960156
vt 0.916492 0.960156
vt 0.916492 0.488231
vt 0.322029 0.652955
vt 0.349208 0.652955
vt 0.349208 0.894007
vt 0.322029 0.894007
vt 0.360244 0.652955
vt 0.387423 0.652955
vt 0.387423 0.894007
vt 0.360244 0.894007
vt 0.992188 0.525408
vt 0.992188 0.766461
vt 0.975938 0.766461
vt 0.975938 0.525408
vt 0.992188 0.275864
vt 0.992188 0.516916
vt 0.975938 0.516916
vt 0.975938 0.275864
vn -0.007972 0.000000 -0.999968
vn -0.007972 0.000000 -0.999968
vn -0.007972 0.000000 -0.999968
vn -0.007972 0.000000 -0.999968
vn 0.000000 1.000000 -0.000000
vn 0.000000 1.000000 -0.000000
vn 0.000000 1.000000 -0.000000
vn 0.000000 1.000000 -0.000000
vn 0.007972 0.000000 0.999968
vn 0.007972 0.000000 0.999968
vn 0.007972 0.000000 0.999968
vn 0.007972 0.000000 0.999968
vn 0.000000 -1.000000 0.000000
vn 0.000000 -1.000000 0.000000
vn 0.000000 -1.000000 0.000000
vn 0.000000 -1.000000 0.000000
vn -0.999968 0.000000 0.007973
vn -0.999968 0.000000 0.007973
vn -0.999968 0.000000 0.007973
vn -0.999968 0.000000 0.007973
vn 0.999968 0.000000 -0.007973
vn 0.999968 0.000000 -0.007973
vn 0.999968 0.000000 -0.007973
vn 0.999968 0.000000 -0.007973
vn -0.007965 0.000000 -0.999968
vn -0.007965 0.000000 -0.999968
vn -0.007965 0.000000 -0.999968
vn -0.007965 0.000000 -0.999968
vn 0.007979 0.000000 0.999968
vn 0.007979 0.000000 0.999968
vn 0.007979 0.000000 0.999968
vn 0.007979 0.000000 0.999968
vn 0.000000 -1.000000 0.000000
vn 0.000000 -1.000000 0.000000
vn 0.000000 -1.000000 0.000000
vn 0.000000 -1.000000 0.000000
vn -0.999968 0.000000 0.007965
vn -0.999968 0.000000 0.007965
vn -0.999968 0.000000 0.007965
vn -0.999968 0.000000 0.007965
vn 0.999968 0.000000 -0.007956
vn 0.999968 0.000000 -0.007956
vn 0.999968 0.000000 -0.007956
vn 0.999968 0.000000 -0.007956
vn -0.007979 0.000000 -0.999968
vn -0.007979 0.000000 -0.999968
vn -0.007979 0.000000 -0.999968
vn -0.007979 0.000000 -0.999968
vn 0.007992 0.000000 0.999968
vn 0.007992 0.000000 0.999968
vn 0.007992 0.000000 0.999968
vn 0.007992 0.000000 0.999968
vn 0.000000 -1.000000 0.000000
vn 0.000000 -1.000000 0.000000
vn 0.000000 -1.000000 0.000000
vn 0.000000 -1.000000 0.000000
vn -0.999968 0.000000 0.007965
vn -0.999968 0.000000 0.007965
vn -0.999968 0.000000 0.007965
vn -0.999968 0.000000 0.007965
vn 0.999968 0.000000 -0.007975
vn 0.999968 0.000000 -0.007975
vn 0.999968 0.000000 -0.007975
vn 0.999968 0.000000 -0.007975
vn -0.007985 0.000000 -0.999968
vn -0.007985 0.000000 -0.999968
vn -0.007985 0.000000 -0.999968
vn -0.007985 0.000000 -0.999968
vn 0.007966 0.000000 0.999968
vn 0.007966 0.000000 0.999968
vn 0.007966 0.000000 0.999968
vn 0.007966 0.000000 0.999968
vn 0.000000 -1.000000 0.000000
vn 0.000000 -1.000000 0.000000
vn 0.000000 -1.000000 0.000000
vn 0.000000 -1.000000 0.000000
vn -0.999968 0.000000 0.007975
vn -0.999968 0.000000 0.007975
vn -0.999968 0.000000 0.007975
vn -0.999968 0.000000 0.007975
vn 0.999968 0.000000 -0.007975
vn 0.999968 0.000000 -0.007975
vn 0.999968 0.000000 -0.007975
vn 0.999968 0.000000 -0.007975
vn -0.007985 0.000000 -0.999968
vn -0.007985 0.000000 -0.999968
vn -0.007985 0.000000 -0.999968
vn -0.007985 0.000000 -0.999968
vn 0.007985 0.000000 0.999968
vn 0.007985 0.000000 0.999968
vn 0.007985 0.000000 0.999968
vn 0.007985 0.000000 0.999968
vn 0.000000 -1.000000 0.000000
vn 0.000000 -1.000000 0.000000
vn 0.000000 -1.000000 0.000000
vn 0.000000 -1.000000 0.000000
vn -0.999968 0.000000 0.007975
vn -0.999968 0.000000 0.007975
vn -0.999968 0.000000 0.007975
vn -0.999968 0.000000 0.007975
vn 0.999968 0.000000 -0.007975
vn 0.999968 0.000000 -0.007975
vn 0.999968 0.000000 -0.007975
vn 0.999968 0.000000 -0.007975
vn 0.999968 0.000000 -0.007979
vn 0.999968 0.000000 -0.007979
vn 0.999968 0.000000 -0.007979
vn 0.999968 0.000000 -0.007979
vn -0.999968 -0.000000 0.007971
vn -0.999968 -0.000000 0.007971
vn -0.999968 -0.000000 0.007971
vn -0.999968 -0.000000 0.007971
vn 0.007941 0.000000 0.999968
vn 0.007941 0.000000 0.999968
vn 0.007941 0.000000 0.999968
vn 0.007941 0.000000 0.999968
vn -0.007965 -0.000000 -0.999968
vn -0.007965 -0.000000 -0.999968
vn -0.007965 -0.000000 -0.999968
vn -0.007965 -0.000000 -0.999968
vn -0.007969 0.000000 -0.999968
vn -0.007969 0.000000 -0.999968
vn -0.007969 0.000000 -0.999968
vn -0.007969 0.000000 -0.999968
vn 0.000000 1.000000 -0.000000
vn 0.000000 1.000000 -0.000000
vn 0.000000 1.000000 -0.000000
vn 0.000000 1.000000 -0.000000
vn 0.007987 0.000000 0.999968
vn 0.007987 0.000000 0.999968
vn 0.007987 0.000000 0.999968
vn 0.007987 0.000000 0.999968
vn 0.000000 -1.000000 -0.000000
vn 0.000000 -1.000000 -0.000000
vn 0.000000 -1.000000 -0.000000
vn 0.000000 -1.000000 -0.000000
vn -0.999968 0.000000 0.007972
vn -0.999968 0.000000 0.007972
vn -0.999968 0.000000 0.007972
vn -0.999968 0.000000 0.007972
vn 0.999968 0.000000 -0.007972
vn 0.999968 0.000000 -0.007972
vn 0.999968 0.000000 -0.007972
vn 0.999968 0.000000 -0.007972
vn 0.999968 -0.000000 -0.007979
vn 0.999968 -0.000000 -0.007979
vn 0.999968 -0.000000 -0.007979
vn 0.999968 -0.000000 -0.007979
vn -0.999968 0.000000 0.007964
vn -0.999968 0.000000 0.007964
vn -0.999968 0.000000 0.007964
vn -0.999968 0.000000 0.007964
vn 0.007964 0.000000 0.999968
vn 0.007964 0.000000 0.999968
vn 0.007964 0.000000 0.999968
vn 0.007964 0.000000 0.999968
vn -0.007988 -0.000000 -0.999968
vn -0.007988 -0.000000 -0.999968
vn -0.007988 -0.000000 -0.999968
vn -0.007988 -0.000000 -0.999968
vn 0.999968 -0.000000 -0.007979
vn 0.999968 -0.000000 -0.007979
vn 0.999968 -0.000000 -0.007979
vn 0.999968 -0.000000 -0.007979
vn -0.999968 0.000000 0.007971
vn -0.999968 0.000000 0.007971
vn -0.999968 0.000000 0.007971
vn -0.999968 0.000000 0.007971
vn 0.008011 0.000000 0.999968
vn 0.008011 0.000000 0.999968
vn 0.008011 0.000000 0.999968
vn 0.008011 0.000000 0.999968
vn -0.007988 -0.000000 -0.999968
vn -0.007988 -0.000000 -0.999968
vn -0.007988 -0.000000 -0.999968
vn -0.007988 -0.000000 -0.999968
vn 0.999968 -0.000014 -0.007972
vn 0.999968 -0.000014 -0.007972
vn 0.999968 -0.000014 -0.007972
vn 0.999968 -0.000014 -0.007972
vn -0.999968 0.000000 0.007972
vn -0.999968 0.000000 0.007972
vn -0.999968 0.000000 0.007972
vn -0.999968 0.000000 0.007972
vn -0.000000 1.000000 -0.000000
vn -0.000000 1.000000 -0.000000
vn -0.000000 1.000000 -0.000000
vn -0.000000 1.000000 -0.000000
vn 0.000000 -1.000000 0.000000
vn 0.000000 -1.000000 0.000000
vn 0.000000 -1.000000 0.000000
vn 0.000000 -1.000000 0.000000
s off
g Map01 EV_Chair14
usemtl T_EV_Chair02SG
f 193/457/441 194/458/442 196/459/443 195/460/444
f 195/449/445 196/450/446 198/451/447 197/452/448
f 197/461/449 198/462/450 200/463/451 199/464/452
f 199/453/453 200/454/454 194/455/455 193/456/456
f 194/441/457 200/442/458 198/443/459 196/444/460
f 199/445/461 193/446/462 195/447/463 197/448/464
f 201/465/465 202/466/466 204/467/467 203/468/468
f 205/469/469 206/470/470 208/471/471 207/472/472
f 207/473/473 208/474/474 202/475/475 201/476/476
f 202/477/477 208/478/478 206/479/479 204/480/480
f 207/481/481 201/482/482 203/483/483 205/484/484
f 209/485/485 210/486/486 212/487/487 211/488/488
f 213/489/489 214/490/490 216/491/491 215/492/492
f 215/493/493 216/494/494 210/495/495 209/496/496
f 210/497/497 216/498/498 214/499/499 212/500/500
f 215/501/501 209/502/502 211/503/503 213/504/504
f 217/505/505 218/506/506 220/507/507 219/508/508
f 221/509/509 222/510/510 224/511/511 223/512/512
f 223/513/513 224/514/514 218/515/515 217/516/516
f 218/517/517 224/518/518 222/519/519 220/520/520
f 223/521/521 217/522/522 219/523/523 221/524/524
f 225/525/525 226/526/526 228/527/527 227/528/528
f 229/529/529 230/530/530 232/531/531 231/532/532
f 231/533/533 232/534/534 226/535/535 225/536/536
f 226/537/537 232/538/538 230/539/539 228/540/540
f 231/541/541 225/542/542 227/543/543 229/544/544
f 235/545/545 236/546/546 238/547/547 237/548/548
f 239/549/549 240/550/550 234/551/551 233/552/552
f 234/553/553 240/554/554 238/555/555 236/556/556
f 239/557/557 233/558/558 235/559/559 237/560/560
f 241/561/561 242/562/562 244/563/563 243/564/564
f 243/565/565 244/566/566 246/567/567 245/568/568
f 245/569/569 246/570/570 248/571/571 247/572/572
f 247/573/573 248/574/574 242/575/575 241/576/576
f 242/577/577 248/578/578 246/579/579 244/580/580
f 247/581/581 241/582/582 243/583/583 245/584/584
f 251/585/585 252/586/586 254/587/587 253/588/588
f 255/589/589 256/590/590 250/591/591 249/592/592
f 250/593/593 256/594/594 254/595/595 252/596/596
f 255/597/597 249/598/598 251/599/599 253/600/600
f 259/601/601 260/602/602 262/603/603 261/604/604
f 263/605/605 264/606/606 258/607/607 257/608/608
f 258/609/609 264/610/610 262/611/611 260/612/612
f 263/613/613 257/614/614 259/615/615 261/616/616
f 267/617/617 268/618/618 270/619/619 269/620/620
f 271/621/621 272/622/622 266/623/623 265/624/624
f 266/625/625 272/626/626 270/627/627 268/628/628
f 271/629/629 265/630/630 267/631/631 269/632/632
g default
v -502.376160 38.500000 345.781311
v -453.540833 38.500000 346.170654
v -502.376160 43.500000 345.781311
v -453.540833 43.500000 346.170654
v -502.673218 43.500000 383.039886
v -453.837891 43.500000 383.429230
v -502.673218 38.500000 383.039886
v -453.837891 38.500000 383.429230
v -459.876221 0.000000 348.127533
v -456.074097 0.000000 348.157837
v -459.876221 38.500011 348.127533
v -456.074097 38.500011 348.157837
v -459.902039 38.500011 351.372528
v -456.099945 38.500011 351.402863
v -459.902039 0.000000 351.372528
v -456.099945 0.000000 351.402863
v -460.115356 0.000000 378.126587
v -456.313263 0.000000 378.156891
v -460.115356 38.500011 378.126587
v -456.313263 38.500011 378.156891
v -460.141235 38.500011 381.371582
v -456.339111 38.500011 381.401917
v -460.141235 0.000000 381.371582
v -456.339111 0.000000 381.401917
v -498.923431 0.000000 343.316071
v -495.121338 0.000000 343.346405
v -498.923431 114.000000 343.316071
v -495.121338 114.000000 343.346405
v -498.949310 114.000000 346.561096
v -495.147217 114.000000 346.591400
v -498.949310 0.000000 346.561096
v -495.147217 0.000000 346.591400
v -499.234344 0.000000 382.314850
v -495.432251 0.000000 382.345154
v -499.234344 114.000000 382.314850
v -495.432251 114.000000 382.345154
v -499.260223 114.000000 385.559845
v -495.458130 114.000000 385.590179
v -499.260223 0.000000 385.559845
v -495.458130 0.000000 385.590179
v -495.695984 113.500000 362.517151
v -495.728119 113.500000 366.548462
v -498.106079 113.500000 362.497955
v -498.138245 113.500000 366.529266
v -498.106079 43.500000 362.497986
v -498.138245 43.500000 366.529297
v -495.695984 43.500000 362.517151
v -495.728119 43.500000 366.548462
v -499.752716 113.500000 342.263641
v -494.275391 113.500000 342.307312
v -499.752716 118.500000 342.263641
v -494.275391 118.500000 342.307312
v -500.106171 118.500000 386.598938
v -494.628845 118.500000 386.642609
v -500.106171 113.500000 386.598938
v -494.628845 113.500000 386.642609
v -495.616272 113.500000 352.517487
v -495.648376 113.500000 356.548798
v -498.026367 113.500000 352.498260
v -498.058533 113.500000 356.529572
v -498.026367 43.500000 352.498291
v -498.058533 43.500000 356.529602
v -495.616272 43.500000 352.517517
v -495.648376 43.500000 356.548828
v -495.775696 113.500000 372.516846
v -495.807831 113.500000 376.548157
v -498.185822 113.500000 372.497620
v -498.217957 113.500000 376.528931
v -498.185822 43.500000 372.497620
v -498.217957 43.500000 376.528931
v -495.775696 43.500000 372.516846
v -495.807831 43.500000 376.548157
v -495.568970 24.052185 346.588043
v -495.568970 28.083618 346.588043
v -497.979095 24.052185 346.568817
v -497.979126 28.083618 346.568817
v -498.264130 24.052200 382.322571
v -498.264160 28.083633 382.322571
v -495.854004 24.052200 382.341797
v -495.854004 28.083633 382.341797
vt 0.823076 0.259010
vt 0.823076 0.007812
vt 0.856785 0.007812
vt 0.856785 0.259010
vt 0.823076 0.518700
vt 0.823076 0.267502
vt 0.856785 0.267502
vt 0.856785 0.518700
vt 0.007812 0.337061
vt 0.007812 0.007812
vt 0.259010 0.007812
vt 0.259010 0.337061
vt 0.271075 0.337061
vt 0.271075 0.007812
vt 0.522272 0.007812
vt 0.522272 0.337061
vt 0.237105 0.674802
vt 0.237105 0.345553
vt 0.270814 0.345553
vt 0.270814 0.674802
vt 0.279567 0.674801
vt 0.279567 0.345553
vt 0.313276 0.345553
vt 0.313276 0.674801
vt 0.823076 0.527192
vt 0.848710 0.527192
vt 0.848710 0.786752
vt 0.823076 0.786752
vt 0.457906 0.652955
vt 0.483540 0.652955
vt 0.483540 0.912514
vt 0.457906 0.912514
vt 0.687199 0.810504
vt 0.687199 0.784870
vt 0.709077 0.784870
vt 0.709077 0.810504
vt 0.279567 0.683294
vt 0.301445 0.683294
vt 0.301445 0.942853
vt 0.279567 0.942853
vt 0.941969 0.488231
vt 0.963847 0.488231
vt 0.963847 0.747790
vt 0.941969 0.747790
vt 0.865538 0.488231
vt 0.891172 0.488231
vt 0.891172 0.747790
vt 0.865538 0.747790
vt 0.415444 0.652955
vt 0.441078 0.652955
vt 0.441078 0.912514
vt 0.415444 0.912514
vt 0.721168 0.810503
vt 0.721168 0.784869
vt 0.743046 0.784869
vt 0.743046 0.810503
vt 0.237105 0.683294
vt 0.258983 0.683294
vt 0.258983 0.942853
vt 0.237105 0.942853
vt 0.967446 0.007812
vt 0.989324 0.007812
vt 0.989324 0.267372
vt 0.967446 0.267372
vt 0.534337 0.007812
vt 0.559971 0.007812
vt 0.559971 0.776377
vt 0.534337 0.776377
vt 0.572553 0.007812
vt 0.598186 0.007812
vt 0.598186 0.776378
vt 0.572553 0.776378
vt 0.789107 0.810504
vt 0.789107 0.784870
vt 0.810985 0.784870
vt 0.810985 0.810504
vt 0.755138 0.007812
vt 0.777016 0.007812
vt 0.777016 0.776377
vt 0.755138 0.776377
vt 0.687199 0.007812
vt 0.709077 0.007812
vt 0.709077 0.776377
vt 0.687199 0.776377
vt 0.610768 0.007812
vt 0.636402 0.007812
vt 0.636402 0.776377
vt 0.610768 0.776377
vt 0.648984 0.007812
vt 0.674617 0.007812
vt 0.674617 0.776378
vt 0.648984 0.776378
vt 0.755138 0.810503
vt 0.755138 0.784869
vt 0.777016 0.784869
vt 0.777016 0.810503
vt 0.721168 0.007812
vt 0.743046 0.007812
vt 0.743046 0.776377
vt 0.721168 0.776377
vt 0.789107 0.007812
vt 0.810985 0.007812
vt 0.810985 0.776377
vt 0.789107 0.776377
vt 0.187854 0.817479
vt 0.160675 0.817479
vt 0.160674 0.345553
vt 0.187854 0.345553
vt 0.122459 0.345553
vt 0.149638 0.345553
vt 0.149638 0.817479
vt 0.122459 0.817479
vt 0.516617 0.345553
vt 0.516617 0.817479
vt 0.500368 0.817479
vt 0.500368 0.345553
vt 0.932741 0.007812
vt 0.932741 0.479738
vt 0.916492 0.479738
vt 0.916492 0.007812
vt 0.861292 0.793211
vt 0.861292 0.756282
vt 0.895001 0.756282
vt 0.895001 0.793211
vt 0.368737 0.345553
vt 0.405665 0.345553
vt 0.405665 0.644462
vt 0.368737 0.644462
vt 0.941969 0.811881
vt 0.941969 0.774953
vt 0.975678 0.774953
vt 0.975678 0.811881
vt 0.322029 0.345553
vt 0.358957 0.345553
vt 0.358957 0.644462
vt 0.322029 0.644462
vt 0.457906 0.644462
vt 0.457906 0.345553
vt 0.491615 0.345553
vt 0.491615 0.644462
vt 0.415444 0.644462
vt 0.415444 0.345553
vt 0.449153 0.345553
vt 0.449153 0.644462
vt 0.034992 0.817479
vt 0.007813 0.817479
vt 0.007812 0.345553
vt 0.034992 0.345553
vt 0.046028 0.345553
vt 0.073207 0.345553
vt 0.073207 0.817479
vt 0.046028 0.817479
vt 0.881787 0.007812
vt 0.881787 0.479738
vt 0.865538 0.479738
vt 0.865538 0.007812
vt 0.958218 0.007812
vt 0.958218 0.479738
vt 0.941969 0.479738
vt 0.941969 0.007812
vt 0.226069 0.817479
vt 0.198890 0.817479
vt 0.198890 0.345553
vt 0.226069 0.345553
vt 0.084244 0.345553
vt 0.111423 0.345553
vt 0.111423 0.817479
vt 0.084243 0.817479
vt 0.907264 0.007812
vt 0.907264 0.479738
vt 0.891015 0.479738
vt 0.891015 0.007812
vt 0.932741 0.488231
vt 0.932741 0.960156
vt 0.916492 0.960156
vt 0.916492 0.488231
vt 0.322029 0.652955
vt 0.349208 0.652955
vt 0.349208 0.894007
vt 0.322029 0.894007
vt 0.360244 0.652955
vt 0.387423 0.652955
vt 0.387423 0.894007
vt 0.360244 0.894007
vt 0.992188 0.525408
vt 0.992188 0.766461
vt 0.975938 0.766461
vt 0.975938 0.525408
vt 0.992188 0.275864
vt 0.992188 0.516916
vt 0.975938 0.516916
vt 0.975938 0.275864
vn 0.007973 0.000000 -0.999968
vn 0.007973 0.000000 -0.999968
vn 0.007973 0.000000 -0.999968
vn 0.007973 0.000000 -0.999968
vn 0.000000 1.000000 0.000000
vn 0.000000 1.000000 0.000000
vn 0.000000 1.000000 0.000000
vn 0.000000 1.000000 0.000000
vn -0.007972 0.000000 0.999968
vn -0.007972 0.000000 0.999968
vn -0.007972 0.000000 0.999968
vn -0.007972 0.000000 0.999968
vn 0.000000 -1.000000 0.000000
vn 0.000000 -1.000000 0.000000
vn 0.000000 -1.000000 0.000000
vn 0.000000 -1.000000 0.000000
vn 0.999968 0.000000 0.007973
vn 0.999968 0.000000 0.007973
vn 0.999968 0.000000 0.007973
vn 0.999968 0.000000 0.007973
vn -0.999968 0.000000 -0.007973
vn -0.999968 0.000000 -0.007973
vn -0.999968 0.000000 -0.007973
vn -0.999968 0.000000 -0.007973
vn 0.007972 0.000000 -0.999968
vn 0.007972 0.000000 -0.999968
vn 0.007972 0.000000 -0.999968
vn 0.007972 0.000000 -0.999968
vn -0.007979 0.000000 0.999968
vn -0.007979 0.000000 0.999968
vn -0.007979 0.000000 0.999968
vn -0.007979 0.000000 0.999968
vn 0.000000 -1.000000 0.000000
vn 0.000000 -1.000000 0.000000
vn 0.000000 -1.000000 0.000000
vn 0.000000 -1.000000 0.000000
vn 0.999968 0.000000 0.007965
vn 0.999968 0.000000 0.007965
vn 0.999968 0.000000 0.007965
vn 0.999968 0.000000 0.007965
vn -0.999968 0.000000 -0.007956
vn -0.999968 0.000000 -0.007956
vn -0.999968 0.000000 -0.007956
vn -0.999968 0.000000 -0.007956
vn 0.007972 0.000000 -0.999968
vn 0.007972 0.000000 -0.999968
vn 0.007972 0.000000 -0.999968
vn 0.007972 0.000000 -0.999968
vn -0.007979 0.000000 0.999968
vn -0.007979 0.000000 0.999968
vn -0.007979 0.000000 0.999968
vn -0.007979 0.000000 0.999968
vn 0.000000 -1.000000 0.000000
vn 0.000000 -1.000000 0.000000
vn 0.000000 -1.000000 0.000000
vn 0.000000 -1.000000 0.000000
vn 0.999968 0.000000 0.007965
vn 0.999968 0.000000 0.007965
vn 0.999968 0.000000 0.007965
vn 0.999968 0.000000 0.007965
vn -0.999968 0.000000 -0.007975
vn -0.999968 0.000000 -0.007975
vn -0.999968 0.000000 -0.007975
vn -0.999968 0.000000 -0.007975
vn 0.007976 0.000000 -0.999968
vn 0.007976 0.000000 -0.999968
vn 0.007976 0.000000 -0.999968
vn 0.007976 0.000000 -0.999968
vn -0.007967 0.000000 0.999968
vn -0.007967 0.000000 0.999968
vn -0.007967 0.000000 0.999968
vn -0.007967 0.000000 0.999968
vn 0.000000 -1.000000 0.000000
vn 0.000000 -1.000000 0.000000
vn 0.000000 -1.000000 0.000000
vn 0.000000 -1.000000 0.000000
vn 0.999968 0.000000 0.007975
vn 0.999968 0.000000 0.007975
vn 0.999968 0.000000 0.007975
vn 0.999968 0.000000 0.007975
vn -0.999968 0.000000 -0.007975
vn -0.999968 0.000000 -0.007975
vn -0.999968 0.000000 -0.007975
vn -0.999968 0.000000 -0.007975
vn 0.007967 0.000000 -0.999968
vn 0.007967 0.000000 -0.999968
vn 0.007967 0.000000 -0.999968
vn 0.007967 0.000000 -0.999968
vn -0.007976 0.000000 0.999968
vn -0.007976 0.000000 0.999968
vn -0.007976 0.000000 0.999968
vn -0.007976 0.000000 0.999968
vn 0.000000 -1.000000 0.000000
vn 0.000000 -1.000000 0.000000
vn 0.000000 -1.000000 0.000000
vn 0.000000 -1.000000 0.000000
vn 0.999968 0.000000 0.007975
vn 0.999968 0.000000 0.007975
vn 0.999968 0.000000 0.007975
vn 0.999968 0.000000 0.007975
vn -0.999968 0.000000 -0.007975
vn -0.999968 0.000000 -0.007975
vn -0.999968 0.000000 -0.007975
vn -0.999968 0.000000 -0.007975
vn -0.999968 0.000000 -0.007979
vn -0.999968 0.000000 -0.007979
vn -0.999968 0.000000 -0.007979
vn -0.999968 0.000000 -0.007979
vn 0.999968 0.000000 0.007971
vn 0.999968 0.000000 0.007971
vn 0.999968 0.000000 0.007971
vn 0.999968 0.000000 0.007971
vn -0.007953 0.000000 0.999968
vn -0.007953 0.000000 0.999968
vn -0.007953 0.000000 0.999968
vn -0.007953 0.000000 0.999968
vn 0.007953 -0.000000 -0.999968
vn 0.007953 -0.000000 -0.999968
vn 0.007953 -0.000000 -0.999968
vn 0.007953 -0.000000 -0.999968
vn 0.007974 0.000000 -0.999968
vn 0.007974 0.000000 -0.999968
vn 0.007974 0.000000 -0.999968
vn 0.007974 0.000000 -0.999968
vn 0.000000 1.000000 -0.000000
vn 0.000000 1.000000 -0.000000
vn 0.000000 1.000000 -0.000000
vn 0.000000 1.000000 -0.000000
vn -0.007974 0.000000 0.999968
vn -0.007974 0.000000 0.999968
vn -0.007974 0.000000 0.999968
vn -0.007974 0.000000 0.999968
vn 0.000000 -1.000000 -0.000000
vn 0.000000 -1.000000 -0.000000
vn 0.000000 -1.000000 -0.000000
vn 0.000000 -1.000000 -0.000000
vn 0.999968 0.000000 0.007972
vn 0.999968 0.000000 0.007972
vn 0.999968 0.000000 0.007972
vn 0.999968 0.000000 0.007972
vn -0.999968 0.000000 -0.007972
vn -0.999968 0.000000 -0.007972
vn -0.999968 0.000000 -0.007972
vn -0.999968 0.000000 -0.007972
vn -0.999968 0.000000 -0.007979
vn -0.999968 0.000000 -0.007979
vn -0.999968 0.000000 -0.007979
vn -0.999968 0.000000 -0.007979
vn 0.999968 0.000000 0.007964
vn 0.999968 0.000000 0.007964
vn 0.999968 0.000000 0.007964
vn 0.999968 0.000000 0.007964
vn -0.007976 0.000000 0.999968
vn -0.007976 0.000000 0.999968
vn -0.007976 0.000000 0.999968
vn -0.007976 0.000000 0.999968
vn 0.007976 -0.000000 -0.999968
vn 0.007976 -0.000000 -0.999968
vn 0.007976 -0.000000 -0.999968
vn 0.007976 -0.000000 -0.999968
vn -0.999968 0.000000 -0.007971
vn -0.999968 0.000000 -0.007971
vn -0.999968 0.000000 -0.007971
vn -0.999968 0.000000 -0.007971
vn 0.999968 0.000000 0.007971
vn 0.999968 0.000000 0.007971
vn 0.999968 0.000000 0.007971
vn 0.999968 0.000000 0.007971
vn -0.007976 0.000000 0.999968
vn -0.007976 0.000000 0.999968
vn -0.007976 0.000000 0.999968
vn -0.007976 0.000000 0.999968
vn 0.007976 0.000000 -0.999968
vn 0.007976 0.000000 -0.999968
vn 0.007976 0.000000 -0.999968
vn 0.007976 0.000000 -0.999968
vn -0.999968 -0.000014 -0.007972
vn -0.999968 -0.000014 -0.007972
vn -0.999968 -0.000014 -0.007972
vn -0.999968 -0.000014 -0.007972
vn 0.999968 0.000000 0.007972
vn 0.999968 0.000000 0.007972
vn 0.999968 0.000000 0.007972
vn 0.999968 0.000000 0.007972
vn 0.000000 1.000000 -0.000000
vn 0.000000 1.000000 -0.000000
vn 0.000000 1.000000 -0.000000
vn 0.000000 1.000000 -0.000000
vn -0.000000 -1.000000 0.000000
vn -0.000000 -1.000000 0.000000
vn -0.000000 -1.000000 0.000000
vn -0.000000 -1.000000 0.000000
s off
g Map01 EV_Chair15
usemtl T_EV_Chair02SG
f 273/649/633 275/652/634 276/651/635 274/650/636
f 275/641/637 277/644/638 278/643/639 276/642/640
f 277/653/641 279/656/642 280/655/643 278/654/644
f 279/645/645 273/648/646 274/647/647 280/646/648
f 274/633/649 276/636/650 278/635/651 280/634/652
f 279/637/653 277/640/654 275/639/655 273/638/656
f 281/657/657 283/660/658 284/659/659 282/658/660
f 285/661/661 287/664/662 288/663/663 286/662/664
f 287/665/665 281/668/666 282/667/667 288/666/668
f 282/669/669 284/672/670 286/671/671 288/670/672
f 287/673/673 285/676/674 283/675/675 281/674/676
f 289/677/677 291/680/678 292/679/679 290/678/680
f 293/681/681 295/684/682 296/683/683 294/682/684
f 295/685/685 289/688/686 290/687/687 296/686/688
f 290/689/689 292/692/690 294/691/691 296/690/692
f 295/693/693 293/696/694 291/695/695 289/694/696
f 297/697/697 299/700/698 300/699/699 298/698/700
f 301/701/701 303/704/702 304/703/703 302/702/704
f 303/705/705 297/708/706 298/707/707 304/706/708
f 298/709/709 300/712/710 302/711/711 304/710/712
f 303/713/713 301/716/714 299/715/715 297/714/716
f 305/717/717 307/720/718 308/719/719 306/718/720
f 309/721/721 311/724/722 312/723/723 310/722/724
f 311/725/725 305/728/726 306/727/727 312/726/728
f 306/729/729 308/732/730 310/731/731 312/730/732
f 311/733/733 309/736/734 307/735/735 305/734/736
f 315/737/737 317/740/738 318/739/739 316/738/740
f 319/741/741 313/744/742 314/743/743 320/742/744
f 314/745/745 316/748/746 318/747/747 320/746/748
f 319/749/749 317/752/750 315/751/751 313/750/752
f 321/753/753 323/756/754 324/755/755 322/754/756
f 323/757/757 325/760/758 326/759/759 324/758/760
f 325/761/761 327/764/762 328/763/763 326/762/764
f 327/765/765 321/768/766 322/767/767 328/766/768
f 322/769/769 324/772/770 326/771/771 328/770/772
f 327/773/773 325/776/774 323/775/775 321/774/776
f 331/777/777 333/780/778 334/779/779 332/778/780
f 335/781/781 329/784/782 330/783/783 336/782/784
f 330/785/785 332/788/786 334/787/787 336/786/788
f 335/789/789 333/792/790 331/791/791 329/790/792
f 339/793/793 341/796/794 342/795/795 340/794/796
f 343/797/797 337/800/798 338/799/799 344/798/800
f 338/801/801 340/804/802 342/803/803 344/802/804
f 343/805/805 341/808/806 339/807/807 337/806/808
f 347/809/809 349/812/810 350/811/811 348/810/812
f 351/813/813 345/816/814 346/815/815 352/814/816
f 346/817/817 348/820/818 350/819/819 352/818/820
f 351/821/821 349/824/822 347/823/823 345/822/824
g default
v -502.376160 38.500000 -149.602386
v -453.540833 38.500000 -149.213043
v -502.376160 43.500000 -149.602386
v -453.540833 43.500000 -149.213043
v -502.673218 43.500000 -112.343819
v -453.837891 43.500000 -111.954475
v -502.673218 38.500000 -112.343819
v -453.837891 38.500000 -111.954475
v -459.876221 0.000000 -147.256165
v -456.074097 0.000000 -147.225861
v -459.876221 38.500011 -147.256165
v -456.074097 38.500011 -147.225861
v -459.902039 38.500011 -144.011169
v -456.099945 38.500011 -143.980835
v -459.902039 0.000000 -144.011169
v -456.099945 0.000000 -143.980835
v -460.115356 0.000000 -117.257111
v -456.313263 0.000000 -117.226807
v -460.115356 38.500011 -117.257111
v -456.313263 38.500011 -117.226807
v -460.141235 38.500011 -114.012115
v -456.339111 38.500011 -113.981781
v -460.141235 0.000000 -114.012115
v -456.339111 0.000000 -113.981781
v -498.923431 0.000000 -152.067627
v -495.121338 0.000000 -152.037292
v -498.923431 114.000000 -152.067627
v -495.121338 114.000000 -152.037292
v -498.949310 114.000000 -148.822601
v -495.147217 114.000000 -148.792297
v -498.949310 0.000000 -148.822601
v -495.147217 0.000000 -148.792297
v -499.234344 0.000000 -113.068848
v -495.432251 0.000000 -113.038544
v -499.234344 114.000000 -113.068848
v -495.432251 114.000000 -113.038544
v -499.260223 114.000000 -109.823853
v -495.458130 114.000000 -109.793518
v -499.260223 0.000000 -109.823853
v -495.458130 0.000000 -109.793518
v -495.695984 113.500000 -132.866547
v -495.728119 113.500000 -128.835236
v -498.106079 113.500000 -132.885742
v -498.138245 113.500000 -128.854431
v -498.106079 43.500000 -132.885727
v -498.138245 43.500000 -128.854416
v -495.695984 43.500000 -132.866531
v -495.728119 43.500000 -128.835220
v -499.752716 113.500000 -153.120056
v -494.275391 113.500000 -153.076385
v -499.752716 118.500000 -153.120056
v -494.275391 118.500000 -153.076385
v -500.106171 118.500000 -108.784760
v -494.628845 118.500000 -108.741089
v -500.106171 113.500000 -108.784760
v -494.628845 113.500000 -108.741089
v -495.616272 113.500000 -142.866211
v -495.648376 113.500000 -138.834900
v -498.026367 113.500000 -142.885437
v -498.058533 113.500000 -138.854126
v -498.026367 43.500000 -142.885422
v -498.058533 43.500000 -138.854111
v -495.616272 43.500000 -142.866196
v -495.648376 43.500000 -138.834885
v -495.775696 113.500000 -122.866852
v -495.807831 113.500000 -118.835541
v -498.185822 113.500000 -122.886078
v -498.217957 113.500000 -118.854767
v -498.185822 43.500000 -122.886063
v -498.217957 43.500000 -118.854752
v -495.775696 43.500000 -122.866837
v -495.807831 43.500000 -118.835526
v -495.568970 24.052185 -148.795654
v -495.568970 28.083618 -148.795654
v -497.979095 24.052185 -148.814880
v -497.979126 28.083618 -148.814880
v -498.264130 24.052200 -113.061127
v -498.264160 28.083633 -113.061127
v -495.854004 24.052200 -113.041901
v -495.854004 28.083633 -113.041901
vt 0.823076 0.259010
vt 0.823076 0.007812
vt 0.856785 0.007812
vt 0.856785 0.259010
vt 0.823076 0.518700
vt 0.823076 0.267502
vt 0.856785 0.267502
vt 0.856785 0.518700
vt 0.007812 0.337061
vt 0.007812 0.007812
vt 0.259010 0.007812
vt 0.259010 0.337061
vt 0.271075 0.337061
vt 0.271075 0.007812
vt 0.522272 0.007812
vt 0.522272 0.337061
vt 0.237105 0.674802
vt 0.237105 0.345553
vt 0.270814 0.345553
vt 0.270814 0.674802
vt 0.279567 0.674801
vt 0.279567 0.345553
vt 0.313276 0.345553
vt 0.313276 0.674801
vt 0.823076 0.527192
vt 0.848710 0.527192
vt 0.848710 0.786752
vt 0.823076 0.786752
vt 0.457906 0.652955
vt 0.483540 0.652955
vt 0.483540 0.912514
vt 0.457906 0.912514
vt 0.687199 0.810504
vt 0.687199 0.784870
vt 0.709077 0.784870
vt 0.709077 0.810504
vt 0.279567 0.683294
vt 0.301445 0.683294
vt 0.301445 0.942853
vt 0.279567 0.942853
vt 0.941969 0.488231
vt 0.963847 0.488231
vt 0.963847 0.747790
vt 0.941969 0.747790
vt 0.865538 0.488231
vt 0.891172 0.488231
vt 0.891172 0.747790
vt 0.865538 0.747790
vt 0.415444 0.652955
vt 0.441078 0.652955
vt 0.441078 0.912514
vt 0.415444 0.912514
vt 0.721168 0.810503
vt 0.721168 0.784869
vt 0.743046 0.784869
vt 0.743046 0.810503
vt 0.237105 0.683294
vt 0.258983 0.683294
vt 0.258983 0.942853
vt 0.237105 0.942853
vt 0.967446 0.007812
vt 0.989324 0.007812
vt 0.989324 0.267372
vt 0.967446 0.267372
vt 0.534337 0.007812
vt 0.559971 0.007812
vt 0.559971 0.776377
vt 0.534337 0.776377
vt 0.572553 0.007812
vt 0.598186 0.007812
vt 0.598186 0.776378
vt 0.572553 0.776378
vt 0.789107 0.810504
vt 0.789107 0.784870
vt 0.810985 0.784870
vt 0.810985 0.810504
vt 0.755138 0.007812
vt 0.777016 0.007812
vt 0.777016 0.776377
vt 0.755138 0.776377
vt 0.687199 0.007812
vt 0.709077 0.007812
vt 0.709077 0.776377
vt 0.687199 0.776377
vt 0.610768 0.007812
vt 0.636402 0.007812
vt 0.636402 0.776377
vt 0.610768 0.776377
vt 0.648984 0.007812
vt 0.674617 0.007812
vt 0.674617 0.776378
vt 0.648984 0.776378
vt 0.755138 0.810503
vt 0.755138 0.784869
vt 0.777016 0.784869
vt 0.777016 0.810503
vt 0.721168 0.007812
vt 0.743046 0.007812
vt 0.743046 0.776377
vt 0.721168 0.776377
vt 0.789107 0.007812
vt 0.810985 0.007812
vt 0.810985 0.776377
vt 0.789107 0.776377
vt 0.187854 0.817479
vt 0.160675 0.817479
vt 0.160674 0.345553
vt 0.187854 0.345553
vt 0.122459 0.345553
vt 0.149638 0.345553
vt 0.149638 0.817479
vt 0.122459 0.817479
vt 0.516617 0.345553
vt 0.516617 0.817479
vt 0.500368 0.817479
vt 0.500368 0.345553
vt 0.932741 0.007812
vt 0.932741 0.479738
vt 0.916492 0.479738
vt 0.916492 0.007812
vt 0.861292 0.793211
vt 0.861292 0.756282
vt 0.895001 0.756282
vt 0.895001 0.793211
vt 0.368737 0.345553
vt 0.405665 0.345553
vt 0.405665 0.644462
vt 0.368737 0.644462
vt 0.941969 0.811881
vt 0.941969 0.774953
vt 0.975678 0.774953
vt 0.975678 0.811881
vt 0.322029 0.345553
vt 0.358957 0.345553
vt 0.358957 0.644462
vt 0.322029 0.644462
vt 0.457906 0.644462
vt 0.457906 0.345553
vt 0.491615 0.345553
vt 0.491615 0.644462
vt 0.415444 0.644462
vt 0.415444 0.345553
vt 0.449153 0.345553
vt 0.449153 0.644462
vt 0.034992 0.817479
vt 0.007813 0.817479
vt 0.007812 0.345553
vt 0.034992 0.345553
vt 0.046028 0.345553
vt 0.073207 0.345553
vt 0.073207 0.817479
vt 0.046028 0.817479
vt 0.881787 0.007812
vt 0.881787 0.479738
vt 0.865538 0.479738
vt 0.865538 0.007812
vt 0.958218 0.007812
vt 0.958218 0.479738
vt 0.941969 0.479738
vt 0.941969 0.007812
vt 0.226069 0.817479
vt 0.198890 0.817479
vt 0.198890 0.345553
vt 0.226069 0.345553
vt 0.084244 0.345553
vt 0.111423 0.345553
vt 0.111423 0.817479
vt 0.084243 0.817479
vt 0.907264 0.007812
vt 0.907264 0.479738
vt 0.891015 0.479738
vt 0.891015 0.007812
vt 0.932741 0.488231
vt 0.932741 0.960156
vt 0.916492 0.960156
vt 0.916492 0.488231
vt 0.322029 0.652955
vt 0.349208 0.652955
vt 0.349208 0.894007
vt 0.322029 0.894007
vt 0.360244 0.652955
vt 0.387423 0.652955
vt 0.387423 0.894007
vt 0.360244 0.894007
vt 0.992188 0.525408
vt 0.992188 0.766461
vt 0.975938 0.766461
vt 0.975938 0.525408
vt 0.992188 0.275864
vt 0.992188 0.516916
vt 0.975938 0.516916
vt 0.975938 0.275864
vn 0.007973 0.000000 -0.999968
vn 0.007973 0.000000 -0.999968
vn 0.007973 0.000000 -0.999968
vn 0.007973 0.000000 -0.999968
vn 0.000000 1.000000 0.000000
vn 0.000000 1.000000 0.000000
vn 0.000000 1.000000 0.000000
vn 0.000000 1.000000 0.000000
vn -0.007972 0.000000 0.999968
vn -0.007972 0.000000 0.999968
vn -0.007972 0.000000 0.999968
vn -0.007972 0.000000 0.999968
vn 0.000000 -1.000000 0.000000
vn 0.000000 -1.000000 0.000000
vn 0.000000 -1.000000 0.000000
vn 0.000000 -1.000000 0.000000
vn 0.999968 0.000000 0.007973
vn 0.999968 0.000000 0.007973
vn 0.999968 0.000000 0.007973
vn 0.999968 0.000000 0.007973
vn -0.999968 0.000000 -0.007973
vn -0.999968 0.000000 -0.007973
vn -0.999968 0.000000 -0.007973
vn -0.999968 0.000000 -0.007973
vn 0.007972 0.000000 -0.999968
vn 0.007972 0.000000 -0.999968
vn 0.007972 0.000000 -0.999968
vn 0.007972 0.000000 -0.999968
vn -0.007979 0.000000 0.999968
vn -0.007979 0.000000 0.999968
vn -0.007979 0.000000 0.999968
vn -0.007979 0.000000 0.999968
vn 0.000000 -1.000000 0.000000
vn 0.000000 -1.000000 0.000000
vn 0.000000 -1.000000 0.000000
vn 0.000000 -1.000000 0.000000
vn 0.999968 0.000000 0.007965
vn 0.999968 0.000000 0.007965
vn 0.999968 0.000000 0.007965
vn 0.999968 0.000000 0.007965
vn -0.999968 0.000000 -0.007956
vn -0.999968 0.000000 -0.007956
vn -0.999968 0.000000 -0.007956
vn -0.999968 0.000000 -0.007956
vn 0.007969 0.000000 -0.999968
vn 0.007969 0.000000 -0.999968
vn 0.007969 0.000000 -0.999968
vn 0.007969 0.000000 -0.999968
vn -0.007979 0.000000 0.999968
vn -0.007979 0.000000 0.999968
vn -0.007979 0.000000 0.999968
vn -0.007979 0.000000 0.999968
vn 0.000000 -1.000000 0.000000
vn 0.000000 -1.000000 0.000000
vn 0.000000 -1.000000 0.000000
vn 0.000000 -1.000000 0.000000
vn 0.999968 0.000000 0.007965
vn 0.999968 0.000000 0.007965
vn 0.999968 0.000000 0.007965
vn 0.999968 0.000000 0.007965
vn -0.999968 0.000000 -0.007975
vn -0.999968 0.000000 -0.007975
vn -0.999968 0.000000 -0.007975
vn -0.999968 0.000000 -0.007975
vn 0.007976 0.000000 -0.999968
vn 0.007976 0.000000 -0.999968
vn 0.007976 0.000000 -0.999968
vn 0.007976 0.000000 -0.999968
vn -0.007971 0.000000 0.999968
vn -0.007971 0.000000 0.999968
vn -0.007971 0.000000 0.999968
vn -0.007971 0.000000 0.999968
vn 0.000000 -1.000000 0.000000
vn 0.000000 -1.000000 0.000000
vn 0.000000 -1.000000 0.000000
vn 0.000000 -1.000000 0.000000
vn 0.999968 0.000000 0.007975
vn 0.999968 0.000000 0.007975
vn 0.999968 0.000000 0.007975
vn 0.999968 0.000000 0.007975
vn -0.999968 0.000000 -0.007975
vn -0.999968 0.000000 -0.007975
vn -0.999968 0.000000 -0.007975
vn -0.999968 0.000000 -0.007975
vn 0.007971 0.000000 -0.999968
vn 0.007971 0.000000 -0.999968
vn 0.007971 0.000000 -0.999968
vn 0.007971 0.000000 -0.999968
vn -0.007978 0.000000 0.999968
vn -0.007978 0.000000 0.999968
vn -0.007978 0.000000 0.999968
vn -0.007978 0.000000 0.999968
vn 0.000000 -1.000000 0.000000
vn 0.000000 -1.000000 0.000000
vn 0.000000 -1.000000 0.000000
vn 0.000000 -1.000000 0.000000
vn 0.999968 0.000000 0.007975
vn 0.999968 0.000000 0.007975
vn 0.999968 0.000000 0.007975
vn 0.999968 0.000000 0.007975
vn -0.999968 0.000000 -0.007975
vn -0.999968 0.000000 -0.007975
vn -0.999968 0.000000 -0.007975
vn -0.999968 0.000000 -0.007975
vn -0.999968 0.000000 -0.007979
vn -0.999968 0.000000 -0.007979
vn -0.999968 0.000000 -0.007979
vn -0.999968 0.000000 -0.007979
vn 0.999968 0.000000 0.007971
vn 0.999968 0.000000 0.007971
vn 0.999968 0.000000 0.007971
vn 0.999968 0.000000 0.007971
vn -0.007965 0.000000 0.999968
vn -0.007965 0.000000 0.999968
vn -0.007965 0.000000 0.999968
vn -0.007965 0.000000 0.999968
vn 0.007965 -0.000000 -0.999968
vn 0.007965 -0.000000 -0.999968
vn 0.007965 -0.000000 -0.999968
vn 0.007965 -0.000000 -0.999968
vn 0.007972 0.000000 -0.999968
vn 0.007972 0.000000 -0.999968
vn 0.007972 0.000000 -0.999968
vn 0.007972 0.000000 -0.999968
vn 0.000000 1.000000 -0.000000
vn 0.000000 1.000000 -0.000000
vn 0.000000 1.000000 -0.000000
vn 0.000000 1.000000 -0.000000
vn -0.007974 0.000000 0.999968
vn -0.007974 0.000000 0.999968
vn -0.007974 0.000000 0.999968
vn -0.007974 0.000000 0.999968
vn 0.000000 -1.000000 -0.000000
vn 0.000000 -1.000000 -0.000000
vn 0.000000 -1.000000 -0.000000
vn 0.000000 -1.000000 -0.000000
vn 0.999968 0.000000 0.007972
vn 0.999968 0.000000 0.007972
vn 0.999968 0.000000 0.007972
vn 0.999968 0.000000 0.007972
vn -0.999968 0.000000 -0.007972
vn -0.999968 0.000000 -0.007972
vn -0.999968 0.000000 -0.007972
vn -0.999968 0.000000 -0.007972
vn -0.999968 0.000000 -0.007979
vn -0.999968 0.000000 -0.007979
vn -0.999968 0.000000 -0.007979
vn -0.999968 0.000000 -0.007979
vn 0.999968 0.000000 0.007964
vn 0.999968 0.000000 0.007964
vn 0.999968 0.000000 0.007964
vn 0.999968 0.000000 0.007964
vn -0.007976 0.000000 0.999968
vn -0.007976 0.000000 0.999968
vn -0.007976 0.000000 0.999968
vn -0.007976 0.000000 0.999968
vn 0.007976 -0.000000 -0.999968
vn 0.007976 -0.000000 -0.999968
vn 0.007976 -0.000000 -0.999968
vn 0.007976 -0.000000 -0.999968
vn -0.999968 0.000000 -0.007971
vn -0.999968 0.000000 -0.007971
vn -0.999968 0.000000 -0.007971
vn -0.999968 0.000000 -0.007971
vn 0.999968 0.000000 0.007971
vn 0.999968 0.000000 0.007971
vn 0.999968 0.000000 0.007971
vn 0.999968 0.000000 0.007971
vn -0.007976 0.000000 0.999968
vn -0.007976 0.000000 0.999968
vn -0.007976 0.000000 0.999968
vn -0.007976 0.000000 0.999968
vn 0.007982 -0.000000 -0.999968
vn 0.007982 -0.000000 -0.999968
vn 0.007982 -0.000000 -0.999968
vn 0.007982 -0.000000 -0.999968
vn -0.999968 -0.000014 -0.007972
vn -0.999968 -0.000014 -0.007972
vn -0.999968 -0.000014 -0.007972
vn -0.999968 -0.000014 -0.007972
vn 0.999968 0.000000 0.007972
vn 0.999968 0.000000 0.007972
vn 0.999968 0.000000 0.007972
vn 0.999968 0.000000 0.007972
vn 0.000000 1.000000 -0.000000
vn 0.000000 1.000000 -0.000000
vn 0.000000 1.000000 -0.000000
vn 0.000000 1.000000 -0.000000
vn -0.000000 -1.000000 0.000000
vn -0.000000 -1.000000 0.000000
vn -0.000000 -1.000000 0.000000
vn -0.000000 -1.000000 0.000000
s off
g Map01 EV_Chair16
usemtl T_EV_Chair02SG
f 353/841/825 355/844/826 356/843/827 354/842/828
f 355/833/829 357/836/830 358/835/831 356/834/832
f 357/845/833 359/848/834 360/847/835 358/846/836
f 359/837/837 353/840/838 354/839/839 360/838/840
f 354/825/841 356/828/842 358/827/843 360/826/844
f 359/829/845 357/832/846 355/831/847 353/830/848
f 361/849/849 363/852/850 364/851/851 362/850/852
f 365/853/853 367/856/854 368/855/855 366/854/856
f 367/857/857 361/860/858 362/859/859 368/858/860
f 362/861/861 364/864/862 366/863/863 368/862/864
f 367/865/865 365/868/866 363/867/867 361/866/868
f 369/869/869 371/872/870 372/871/871 370/870/872
f 373/873/873 375/876/874 376/875/875 374/874/876
f 375/877/877 369/880/878 370/879/879 376/878/880
f 370/881/881 372/884/882 374/883/883 376/882/884
f 375/885/885 373/888/886 371/887/887 369/886/888
f 377/889/889 379/892/890 380/891/891 378/890/892
f 381/893/893 383/896/894 384/895/895 382/894/896
f 383/897/897 377/900/898 378/899/899 384/898/900
f 378/901/901 380/904/902 382/903/903 384/902/904
f 383/905/905 381/908/906 379/907/907 377/906/908
f 385/909/909 387/912/910 388/911/911 386/910/912
f 389/913/913 391/916/914 392/915/915 390/914/916
f 391/917/917 385/920/918 386/919/919 392/918/920
f 386/921/921 388/924/922 390/923/923 392/922/924
f 391/925/925 389/928/926 387/927/927 385/926/928
f 395/929/929 397/932/930 398/931/931 396/930/932
f 399/933/933 393/936/934 394/935/935 400/934/936
f 394/937/937 396/940/938 398/939/939 400/938/940
f 399/941/941 397/944/942 395/943/943 393/942/944
f 401/945/945 403/948/946 404/947/947 402/946/948
f 403/949/949 405/952/950 406/951/951 404/950/952
f 405/953/953 407/956/954 408/955/955 406/954/956
f 407/957/957 401/960/958 402/959/959 408/958/960
f 402/961/961 404/964/962 406/963/963 408/962/964
f 407/965/965 405/968/966 403/967/967 401/966/968
f 411/969/969 413/972/970 414/971/971 412/970/972
f 415/973/973 409/976/974 410/975/975 416/974/976
f 410/977/977 412/980/978 414/979/979 416/978/980
f 415/981/981 413/984/982 411/983/983 409/982/984
f 419/985/985 421/988/986 422/987/987 420/986/988
f 423/989/989 417/992/990 418/991/991 424/990/992
f 418/993/993 420/996/994 422/995/995 424/994/996
f 423/997/997 421/1000/998 419/999/999 417/998/1000
f 427/1001/1001 429/1004/1002 430/1003/1003 428/1002/1004
f 431/1005/1005 425/1008/1006 426/1007/1007 432/1006/1008
f 426/1009/1009 428/1012/1010 430/1011/1011 432/1010/1012
f 431/1013/1013 429/1016/1014 427/1015/1015 425/1014/1016
g default
v -502.376160 38.500000 -656.316528
v -453.540833 38.500000 -655.927185
v -502.376160 43.500000 -656.316528
v -453.540833 43.500000 -655.927185
v -502.673218 43.500000 -619.057983
v -453.837891 43.500000 -618.668701
v -502.673218 38.500000 -619.057983
v -453.837891 38.500000 -618.668701
v -459.876221 0.000000 -653.970337
v -456.074097 0.000000 -653.940063
v -459.876221 38.500011 -653.970337
v -456.074097 38.500011 -653.940063
v -459.902039 38.500011 -650.725342
v -456.099945 38.500011 -650.695007
v -459.902039 0.000000 -650.725342
v -456.099945 0.000000 -650.695007
v -460.115356 0.000000 -623.971313
v -456.313263 0.000000 -623.940979
v -460.115356 38.500011 -623.971313
v -456.313263 38.500011 -623.940979
v -460.141235 38.500011 -620.726318
v -456.339111 38.500011 -620.695923
v -460.141235 0.000000 -620.726318
v -456.339111 0.000000 -620.695923
v -498.923431 0.000000 -658.781799
v -495.121338 0.000000 -658.751465
v -498.923431 114.000000 -658.781799
v -495.121338 114.000000 -658.751465
v -498.949310 114.000000 -655.536743
v -495.147217 114.000000 -655.506470
v -498.949310 0.000000 -655.536743
v -495.147217 0.000000 -655.506470
v -499.234344 0.000000 -619.783020
v -495.432251 0.000000 -619.752686
v -499.234344 114.000000 -619.783020
v -495.432251 114.000000 -619.752686
v -499.260223 114.000000 -616.538025
v -495.458130 114.000000 -616.507690
v -499.260223 0.000000 -616.538025
v -495.458130 0.000000 -616.507690
v -495.695984 113.500000 -639.580750
v -495.728119 113.500000 -635.549438
v -498.106079 113.500000 -639.599915
v -498.138245 113.500000 -635.568604
v -498.106079 43.500000 -639.599915
v -498.138245 43.500000 -635.568604
v -495.695984 43.500000 -639.580688
v -495.728119 43.500000 -635.549377
v -499.752716 113.500000 -659.834229
v -494.275391 113.500000 -659.790588
v -499.752716 118.500000 -659.834229
v -494.275391 118.500000 -659.790588
v -500.106171 118.500000 -615.498901
v -494.628845 118.500000 -615.455200
v -500.106171 113.500000 -615.498901
v -494.628845 113.500000 -615.455200
v -495.616272 113.500000 -649.580383
v -495.648376 113.500000 -645.549072
v -498.026367 113.500000 -649.599609
v -498.058533 113.500000 -645.568298
v -498.026367 43.500000 -649.599548
v -498.058533 43.500000 -645.568237
v -495.616272 43.500000 -649.580383
v -495.648376 43.500000 -645.549072
v -495.775696 113.500000 -629.580994
v -495.807831 113.500000 -625.549683
v -498.185822 113.500000 -629.600281
v -498.217957 113.500000 -625.568970
v -498.185822 43.500000 -629.600220
v -498.217957 43.500000 -625.568909
v -495.775696 43.500000 -629.580994
v -495.807831 43.500000 -625.549683
v -495.568970 24.052185 -655.509827
v -495.568970 28.083618 -655.509827
v -497.979095 24.052185 -655.529053
v -497.979126 28.083618 -655.529053
v -498.264130 24.052200 -619.775269
v -498.264160 28.083633 -619.775269
v -495.854004 24.052200 -619.756104
v -495.854004 28.083633 -619.756104
vt 0.823076 0.259010
vt 0.823076 0.007812
vt 0.856785 0.007812
vt 0.856785 0.259010
vt 0.823076 0.518700
vt 0.823076 0.267502
vt 0.856785 0.267502
vt 0.856785 0.518700
vt 0.007812 0.337061
vt 0.007812 0.007812
vt 0.259010 0.007812
vt 0.259010 0.337061
vt 0.271075 0.337061
vt 0.271075 0.007812
vt 0.522272 0.007812
vt 0.522272 0.337061
vt 0.237105 0.674802
vt 0.237105 0.345553
vt 0.270814 0.345553
vt 0.270814 0.674802
vt 0.279567 0.674801
vt 0.279567 0.345553
vt 0.313276 0.345553
vt 0.313276 0.674801
vt 0.823076 0.527192
vt 0.848710 0.527192
vt 0.848710 0.786752
vt 0.823076 0.786752
vt 0.457906 0.652955
vt 0.483540 0.652955
vt 0.483540 0.912514
vt 0.457906 0.912514
vt 0.687199 0.810504
vt 0.687199 0.784870
vt 0.709077 0.784870
vt 0.709077 0.810504
vt 0.279567 0.683294
vt 0.301445 0.683294
vt 0.301445 0.942853
vt 0.279567 0.942853
vt 0.941969 0.488231
vt 0.963847 0.488231
vt 0.963847 0.747790
vt 0.941969 0.747790
vt 0.865538 0.488231
vt 0.891172 0.488231
vt 0.891172 0.747790
vt 0.865538 0.747790
vt 0.415444 0.652955
vt 0.441078 0.652955
vt 0.441078 0.912514
vt 0.415444 0.912514
vt 0.721168 0.810503
vt 0.721168 0.784869
vt 0.743046 0.784869
vt 0.743046 0.810503
vt 0.237105 0.683294
vt 0.258983 0.683294
vt 0.258983 0.942853
vt 0.237105 0.942853
vt 0.967446 0.007812
vt 0.989324 0.007812
vt 0.989324 0.267372
vt 0.967446 0.267372
vt 0.534337 0.007812
vt 0.559971 0.007812
vt 0.559971 0.776377
vt 0.534337 0.776377
vt 0.572553 0.007812
vt 0.598186 0.007812
vt 0.598186 0.776378
vt 0.572553 0.776378
vt 0.789107 0.810504
vt 0.789107 0.784870
vt 0.810985 0.784870
vt 0.810985 0.810504
vt 0.755138 0.007812
vt 0.777016 0.007812
vt 0.777016 0.776377
vt 0.755138 0.776377
vt 0.687199 0.007812
vt 0.709077 0.007812
vt 0.709077 0.776377
vt 0.687199 0.776377
vt 0.610768 0.007812
vt 0.636402 0.007812
vt 0.636402 0.776377
vt 0.610768 0.776377
vt 0.648984 0.007812
vt 0.674617 0.007812
vt 0.674617 0.776378
vt 0.648984 0.776378
vt 0.755138 0.810503
vt 0.755138 0.784869
vt 0.777016 0.784869
vt 0.777016 0.810503
vt 0.721168 0.007812
vt 0.743046 0.007812
vt 0.743046 0.776377
vt 0.721168 0.776377
vt 0.789107 0.007812
vt 0.810985 0.007812
vt 0.810985 0.776377
vt 0.789107 0.776377
vt 0.187854 0.817479
vt 0.160675 0.817479
vt 0.160674 0.345553
vt 0.187854 0.345553
vt 0.122459 0.345553
vt 0.149638 0.345553
vt 0.149638 0.817479
vt 0.122459 0.817479
vt 0.516617 0.345553
vt 0.516617 0.817479
vt 0.500368 0.817479
vt 0.500368 0.345553
vt 0.932741 0.007812
vt 0.932741 0.479738
vt 0.916492 0.479738
vt 0.916492 0.007812
vt 0.861292 0.793211
vt 0.861292 0.756282
vt 0.895001 0.756282
vt 0.895001 0.793211
vt 0.368737 0.345553
vt 0.405665 0.345553
vt 0.405665 0.644462
vt 0.368737 0.644462
vt 0.941969 0.811881
vt 0.941969 0.774953
vt 0.975678 0.774953
vt 0.975678 0.811881
vt 0.322029 0.345553
vt 0.358957 0.345553
vt 0.358957 0.644462
vt 0.322029 0.644462
vt 0.457906 0.644462
vt 0.457906 0.345553
vt 0.491615 0.345553
vt 0.491615 0.644462
vt 0.415444 0.644462
vt 0.415444 0.345553
vt 0.449153 0.345553
vt 0.449153 0.644462
vt 0.034992 0.817479
vt 0.007813 0.817479
vt 0.007812 0.345553
vt 0.034992 0.345553
vt 0.046028 0.345553
vt 0.073207 0.345553
vt 0.073207 0.817479
vt 0.046028 0.817479
vt 0.881787 0.007812
vt 0.881787 0.479738
vt 0.865538 0.479738
vt 0.865538 0.007812
vt 0.958218 0.007812
vt 0.958218 0.479738
vt 0.941969 0.479738
vt 0.941969 0.007812
vt 0.226069 0.817479
vt 0.198890 0.817479
vt 0.198890 0.345553
vt 0.226069 0.345553
vt 0.084244 0.345553
vt 0.111423 0.345553
vt 0.111423 0.817479
vt 0.084243 0.817479
vt 0.907264 0.007812
vt 0.907264 0.479738
vt 0.891015 0.479738
vt 0.891015 0.007812
vt 0.932741 0.488231
vt 0.932741 0.960156
vt 0.916492 0.960156
vt 0.916492 0.488231
vt 0.322029 0.652955
vt 0.349208 0.652955
vt 0.349208 0.894007
vt 0.322029 0.894007
vt 0.360244 0.652955
vt 0.387423 0.652955
vt 0.387423 0.894007
vt 0.360244 0.894007
vt 0.992188 0.525408
vt 0.992188 0.766461
vt 0.975938 0.766461
vt 0.975938 0.525408
vt 0.992188 0.275864
vt 0.992188 0.516916
vt 0.975938 0.516916
vt 0.975938 0.275864
vn 0.007972 0.000000 -0.999968
vn 0.007972 0.000000 -0.999968
vn 0.007972 0.000000 -0.999968
vn 0.007972 0.000000 -0.999968
vn 0.000000 1.000000 0.000000
vn 0.000000 1.000000 0.000000
vn 0.000000 1.000000 0.000000
vn 0.000000 1.000000 0.000000
vn -0.007972 0.000000 0.999968
vn -0.007972 0.000000 0.999968
vn -0.007972 0.000000 0.999968
vn -0.007972 0.000000 0.999968
vn 0.000000 -1.000000 0.000000
vn 0.000000 -1.000000 0.000000
vn 0.000000 -1.000000 0.000000
vn 0.000000 -1.000000 0.000000
vn 0.999968 0.000000 0.007973
vn 0.999968 0.000000 0.007973
vn 0.999968 0.000000 0.007973
vn 0.999968 0.000000 0.007973
vn -0.999968 0.000000 -0.007973
vn -0.999968 0.000000 -0.007973
vn -0.999968 0.000000 -0.007973
vn -0.999968 0.000000 -0.007973
vn 0.007965 0.000000 -0.999968
vn 0.007965 0.000000 -0.999968
vn 0.007965 0.000000 -0.999968
vn 0.007965 0.000000 -0.999968
vn -0.007979 0.000000 0.999968
vn -0.007979 0.000000 0.999968
vn -0.007979 0.000000 0.999968
vn -0.007979 0.000000 0.999968
vn 0.000000 -1.000000 0.000000
vn 0.000000 -1.000000 0.000000
vn 0.000000 -1.000000 0.000000
vn 0.000000 -1.000000 0.000000
vn 0.999968 0.000000 0.007965
vn 0.999968 0.000000 0.007965
vn 0.999968 0.000000 0.007965
vn 0.999968 0.000000 0.007965
vn -0.999968 0.000000 -0.007956
vn -0.999968 0.000000 -0.007956
vn -0.999968 0.000000 -0.007956
vn -0.999968 0.000000 -0.007956
vn 0.007979 0.000000 -0.999968
vn 0.007979 0.000000 -0.999968
vn 0.007979 0.000000 -0.999968
vn 0.007979 0.000000 -0.999968
vn -0.007992 0.000000 0.999968
vn -0.007992 0.000000 0.999968
vn -0.007992 0.000000 0.999968
vn -0.007992 0.000000 0.999968
vn 0.000000 -1.000000 0.000000
vn 0.000000 -1.000000 0.000000
vn 0.000000 -1.000000 0.000000
vn 0.000000 -1.000000 0.000000
vn 0.999968 0.000000 0.007965
vn 0.999968 0.000000 0.007965
vn 0.999968 0.000000 0.007965
vn 0.999968 0.000000 0.007965
vn -0.999968 0.000000 -0.007975
vn -0.999968 0.000000 -0.007975
vn -0.999968 0.000000 -0.007975
vn -0.999968 0.000000 -0.007975
vn 0.007985 0.000000 -0.999968
vn 0.007985 0.000000 -0.999968
vn 0.007985 0.000000 -0.999968
vn 0.007985 0.000000 -0.999968
vn -0.007967 0.000000 0.999968
vn -0.007967 0.000000 0.999968
vn -0.007967 0.000000 0.999968
vn -0.007967 0.000000 0.999968
vn 0.000000 -1.000000 0.000000
vn 0.000000 -1.000000 0.000000
vn 0.000000 -1.000000 0.000000
vn 0.000000 -1.000000 0.000000
vn 0.999968 0.000000 0.007975
vn 0.999968 0.000000 0.007975
vn 0.999968 0.000000 0.007975
vn 0.999968 0.000000 0.007975
vn -0.999968 0.000000 -0.007975
vn -0.999968 0.000000 -0.007975
vn -0.999968 0.000000 -0.007975
vn -0.999968 0.000000 -0.007975
vn 0.007985 0.000000 -0.999968
vn 0.007985 0.000000 -0.999968
vn 0.007985 0.000000 -0.999968
vn 0.007985 0.000000 -0.999968
vn -0.007985 0.000000 0.999968
vn -0.007985 0.000000 0.999968
vn -0.007985 0.000000 0.999968
vn -0.007985 0.000000 0.999968
vn 0.000000 -1.000000 0.000000
vn 0.000000 -1.000000 0.000000
vn 0.000000 -1.000000 0.000000
vn 0.000000 -1.000000 0.000000
vn 0.999968 0.000000 0.007975
vn 0.999968 0.000000 0.007975
vn 0.999968 0.000000 0.007975
vn 0.999968 0.000000 0.007975
vn -0.999968 0.000000 -0.007975
vn -0.999968 0.000000 -0.007975
vn -0.999968 0.000000 -0.007975
vn -0.999968 0.000000 -0.007975
vn -0.999968 0.000000 -0.007979
vn -0.999968 0.000000 -0.007979
vn -0.999968 0.000000 -0.007979
vn -0.999968 0.000000 -0.007979
vn 0.999968 0.000000 0.007971
vn 0.999968 0.000000 0.007971
vn 0.999968 0.000000 0.007971
vn 0.999968 0.000000 0.007971
vn -0.007942 0.000000 0.999968
vn -0.007942 0.000000 0.999968
vn -0.007942 0.000000 0.999968
vn -0.007942 0.000000 0.999968
vn 0.007965 -0.000000 -0.999968
vn 0.007965 -0.000000 -0.999968
vn 0.007965 -0.000000 -0.999968
vn 0.007965 -0.000000 -0.999968
vn 0.007969 0.000000 -0.999968
vn 0.007969 0.000000 -0.999968
vn 0.007969 0.000000 -0.999968
vn 0.007969 0.000000 -0.999968
vn 0.000000 1.000000 -0.000000
vn 0.000000 1.000000 -0.000000
vn 0.000000 1.000000 -0.000000
vn 0.000000 1.000000 -0.000000
vn -0.007987 0.000000 0.999968
vn -0.007987 0.000000 0.999968
vn -0.007987 0.000000 0.999968
vn -0.007987 0.000000 0.999968
vn 0.000000 -1.000000 -0.000000
vn 0.000000 -1.000000 -0.000000
vn 0.000000 -1.000000 -0.000000
vn 0.000000 -1.000000 -0.000000
vn 0.999968 0.000000 0.007972
vn 0.999968 0.000000 0.007972
vn 0.999968 0.000000 0.007972
vn 0.999968 0.000000 0.007972
vn -0.999968 0.000000 -0.007972
vn -0.999968 0.000000 -0.007972
vn -0.999968 0.000000 -0.007972
vn -0.999968 0.000000 -0.007972
vn -0.999968 0.000000 -0.007979
vn -0.999968 0.000000 -0.007979
vn -0.999968 0.000000 -0.007979
vn -0.999968 0.000000 -0.007979
vn 0.999968 0.000000 0.007964
vn 0.999968 0.000000 0.007964
vn 0.999968 0.000000 0.007964
vn 0.999968 0.000000 0.007964
vn -0.007965 0.000000 0.999968
vn -0.007965 0.000000 0.999968
vn -0.007965 0.000000 0.999968
vn -0.007965 0.000000 0.999968
vn 0.007988 -0.000000 -0.999968
vn 0.007988 -0.000000 -0.999968
vn 0.007988 -0.000000 -0.999968
vn 0.007988 -0.000000 -0.999968
vn -0.999968 0.000000 -0.007971
vn -0.999968 0.000000 -0.007971
vn -0.999968 0.000000 -0.007971
vn -0.999968 0.000000 -0.007971
vn 0.999968 0.000000 0.007971
vn 0.999968 0.000000 0.007971
vn 0.999968 0.000000 0.007971
vn 0.999968 0.000000 0.007971
vn -0.008011 0.000000 0.999968
vn -0.008011 0.000000 0.999968
vn -0.008011 0.000000 0.999968
vn -0.008011 0.000000 0.999968
vn 0.007988 -0.000000 -0.999968
vn 0.007988 -0.000000 -0.999968
vn 0.007988 -0.000000 -0.999968
vn 0.007988 -0.000000 -0.999968
vn -0.999968 -0.000014 -0.007972
vn -0.999968 -0.000014 -0.007972
vn -0.999968 -0.000014 -0.007972
vn -0.999968 -0.000014 -0.007972
vn 0.999968 0.000000 0.007972
vn 0.999968 0.000000 0.007972
vn 0.999968 0.000000 0.007972
vn 0.999968 0.000000 0.007972
vn 0.000000 1.000000 -0.000000
vn 0.000000 1.000000 -0.000000
vn 0.000000 1.000000 -0.000000
vn 0.000000 1.000000 -0.000000
vn -0.000000 -1.000000 0.000000
vn -0.000000 -1.000000 0.000000
vn -0.000000 -1.000000 0.000000
vn -0.000000 -1.000000 0.000000
s off
g Map01 EV_Chair17
usemtl T_EV_Chair02SG
f 433/1033/1017 435/1036/1018 436/1035/1019 434/1034/1020
f 435/1025/1021 437/1028/1022 438/1027/1023 436/1026/1024
f 437/1037/1025 439/1040/1026 440/1039/1027 438/1038/1028
f 439/1029/1029 433/1032/1030 434/1031/1031 440/1030/1032
f 434/1017/1033 436/1020/1034 438/1019/1035 440/1018/1036
f 439/1021/1037 437/1024/1038 435/1023/1039 433/1022/1040
f 441/1041/1041 443/1044/1042 444/1043/1043 442/1042/1044
f 445/1045/1045 447/1048/1046 448/1047/1047 446/1046/1048
f 447/1049/1049 441/1052/1050 442/1051/1051 448/1050/1052
f 442/1053/1053 444/1056/1054 446/1055/1055 448/1054/1056
f 447/1057/1057 445/1060/1058 443/1059/1059 441/1058/1060
f 449/1061/1061 451/1064/1062 452/1063/1063 450/1062/1064
f 453/1065/1065 455/1068/1066 456/1067/1067 454/1066/1068
f 455/1069/1069 449/1072/1070 450/1071/1071 456/1070/1072
f 450/1073/1073 452/1076/1074 454/1075/1075 456/1074/1076
f 455/1077/1077 453/1080/1078 451/1079/1079 449/1078/1080
f 457/1081/1081 459/1084/1082 460/1083/1083 458/1082/1084
f 461/1085/1085 463/1088/1086 464/1087/1087 462/1086/1088
f 463/1089/1089 457/1092/1090 458/1091/1091 464/1090/1092
f 458/1093/1093 460/1096/1094 462/1095/1095 464/1094/1096
f 463/1097/1097 461/1100/1098 459/1099/1099 457/1098/1100
f 465/1101/1101 467/1104/1102 468/1103/1103 466/1102/1104
f 469/1105/1105 471/1108/1106 472/1107/1107 470/1106/1108
f 471/1109/1109 465/1112/1110 466/1111/1111 472/1110/1112
f 466/1113/1113 468/1116/1114 470/1115/1115 472/1114/1116
f 471/1117/1117 469/1120/1118 467/1119/1119 465/1118/1120
f 475/1121/1121 477/1124/1122 478/1123/1123 476/1122/1124
f 479/1125/1125 473/1128/1126 474/1127/1127 480/1126/1128
f 474/1129/1129 476/1132/1130 478/1131/1131 480/1130/1132
f 479/1133/1133 477/1136/1134 475/1135/1135 473/1134/1136
f 481/1137/1137 483/1140/1138 484/1139/1139 482/1138/1140
f 483/1141/1141 485/1144/1142 486/1143/1143 484/1142/1144
f 485/1145/1145 487/1148/1146 488/1147/1147 486/1146/1148
f 487/1149/1149 481/1152/1150 482/1151/1151 488/1150/1152
f 482/1153/1153 484/1156/1154 486/1155/1155 488/1154/1156
f 487/1157/1157 485/1160/1158 483/1159/1159 481/1158/1160
f 491/1161/1161 493/1164/1162 494/1163/1163 492/1162/1164
f 495/1165/1165 489/1168/1166 490/1167/1167 496/1166/1168
f 490/1169/1169 492/1172/1170 494/1171/1171 496/1170/1172
f 495/1173/1173 493/1176/1174 491/1175/1175 489/1174/1176
f 499/1177/1177 501/1180/1178 502/1179/1179 500/1178/1180
f 503/1181/1181 497/1184/1182 498/1183/1183 504/1182/1184
f 498/1185/1185 500/1188/1186 502/1187/1187 504/1186/1188
f 503/1189/1189 501/1192/1190 499/1191/1191 497/1190/1192
f 507/1193/1193 509/1196/1194 510/1195/1195 508/1194/1196
f 511/1197/1197 505/1200/1198 506/1199/1199 512/1198/1200
f 506/1201/1201 508/1204/1202 510/1203/1203 512/1202/1204
f 511/1205/1205 509/1208/1206 507/1207/1207 505/1206/1208
g default
v 23.046246 38.500000 -1161.752075
v 22.656883 38.500000 -1112.916748
v 23.046246 43.500000 -1161.752075
v 22.656883 43.500000 -1112.916748
v -14.212330 43.500000 -1162.049194
v -14.601692 43.500000 -1113.213867
v -14.212330 38.500000 -1162.049194
v -14.601692 38.500000 -1113.213867
v 20.699997 0.000000 -1119.252197
v 20.669708 0.000000 -1115.450073
v 20.699997 38.500011 -1119.252197
v 20.669708 38.500011 -1115.450073
v 17.455032 38.500011 -1119.277954
v 17.424683 38.500011 -1115.475830
v 17.455032 0.000000 -1119.277954
v 17.424683 0.000000 -1115.475830
v -9.299026 0.000000 -1119.491333
v -9.329346 0.000000 -1115.689209
v -9.299026 38.500011 -1119.491333
v -9.329346 38.500011 -1115.689209
v -12.544052 38.500011 -1119.517212
v -12.574371 38.500011 -1115.715088
v -12.544052 0.000000 -1119.517212
v -12.574371 0.000000 -1115.715088
v 25.511475 0.000000 -1158.299316
v 25.481125 0.000000 -1154.497314
v 25.511475 114.000000 -1158.299316
v 25.481125 114.000000 -1154.497314
v 22.266449 114.000000 -1158.325195
v 22.236130 114.000000 -1154.523193
v 22.266449 0.000000 -1158.325195
v 22.236130 0.000000 -1154.523193
v -13.487305 0.000000 -1158.610352
v -13.517624 0.000000 -1154.808228
v -13.487305 114.000000 -1158.610352
v -13.517624 114.000000 -1154.808228
v -16.732300 114.000000 -1158.636230
v -16.762650 114.000000 -1154.834106
v -16.732300 0.000000 -1158.636230
v -16.762650 0.000000 -1154.834106
v 6.310379 113.500000 -1155.072021
v 2.279091 113.500000 -1155.104126
v 6.329590 113.500000 -1157.481934
v 2.298271 113.500000 -1157.514160
v 6.329590 43.500000 -1157.482056
v 2.298271 43.500000 -1157.514160
v 6.310349 43.500000 -1155.072021
v 2.279060 43.500000 -1155.104126
v 26.563904 113.500000 -1159.128662
v 26.520218 113.500000 -1153.651489
v 26.563904 118.500000 -1159.128662
v 26.520218 118.500000 -1153.651489
v -17.771393 118.500000 -1159.482056
v -17.815079 118.500000 -1154.004761
v -17.771393 113.500000 -1159.482056
v -17.815079 113.500000 -1154.004761
v 16.310043 113.500000 -1154.992188
v 12.278755 113.500000 -1155.024292
v 16.329285 113.500000 -1157.402344
v 12.297966 113.500000 -1157.434448
v 16.329285 43.500000 -1157.402344
v 12.297966 43.500000 -1157.434448
v 16.310043 43.500000 -1154.992310
v 12.278755 43.500000 -1155.024292
v -3.689316 113.500000 -1155.151611
v -7.720604 113.500000 -1155.183716
v -3.670074 113.500000 -1157.561768
v -7.701393 113.500000 -1157.593994
v -3.670105 43.500000 -1157.561768
v -7.701424 43.500000 -1157.593872
v -3.689346 43.500000 -1155.151733
v -7.720634 43.500000 -1155.183838
v 22.239517 24.052185 -1154.944824
v 22.239510 28.083618 -1154.944824
v 22.258728 24.052185 -1157.355103
v 22.258720 28.083618 -1157.355103
v -13.495026 24.052200 -1157.640015
v -13.495033 28.083633 -1157.640137
v -13.514236 24.052200 -1155.229980
v -13.514244 28.083633 -1155.229980
vt 0.823076 0.259010
vt 0.823076 0.007812
vt 0.856785 0.007812
vt 0.856785 0.259010
vt 0.823076 0.518700
vt 0.823076 0.267502
vt 0.856785 0.267502
vt 0.856785 0.518700
vt 0.007812 0.337061
vt 0.007812 0.007812
vt 0.259010 0.007812
vt 0.259010 0.337061
vt 0.271075 0.337061
vt 0.271075 0.007812
vt 0.522272 0.007812
vt 0.522272 0.337061
vt 0.237105 0.674802
vt 0.237105 0.345553
vt 0.270814 0.345553
vt 0.270814 0.674802
vt 0.279567 0.674801
vt 0.279567 0.345553
vt 0.313276 0.345553
vt 0.313276 0.674801
vt 0.823076 0.527192
vt 0.848710 0.527192
vt 0.848710 0.786752
vt 0.823076 0.786752
vt 0.457906 0.652955
vt 0.483540 0.652955
vt 0.483540 0.912514
vt 0.457906 0.912514
vt 0.687199 0.810504
vt 0.687199 0.784870
vt 0.709077 0.784870
vt 0.709077 0.810504
vt 0.279567 0.683294
vt 0.301445 0.683294
vt 0.301445 0.942853
vt 0.279567 0.942853
vt 0.941969 0.488231
vt 0.963847 0.488231
vt 0.963847 0.747790
vt 0.941969 0.747790
vt 0.865538 0.488231
vt 0.891172 0.488231
vt 0.891172 0.747790
vt 0.865538 0.747790
vt 0.415444 0.652955
vt 0.441078 0.652955
vt 0.441078 0.912514
vt 0.415444 0.912514
vt 0.721168 0.810503
vt 0.721168 0.784869
vt 0.743046 0.784869
vt 0.743046 0.810503
vt 0.237105 0.683294
vt 0.258983 0.683294
vt 0.258983 0.942853
vt 0.237105 0.942853
vt 0.967446 0.007812
vt 0.989324 0.007812
vt 0.989324 0.267372
vt 0.967446 0.267372
vt 0.534337 0.007812
vt 0.559971 0.007812
vt 0.559971 0.776377
vt 0.534337 0.776377
vt 0.572553 0.007812
vt 0.598186 0.007812
vt 0.598186 0.776378
vt 0.572553 0.776378
vt 0.789107 0.810504
vt 0.789107 0.784870
vt 0.810985 0.784870
vt 0.810985 0.810504
vt 0.755138 0.007812
vt 0.777016 0.007812
vt 0.777016 0.776377
vt 0.755138 0.776377
vt 0.687199 0.007812
vt 0.709077 0.007812
vt 0.709077 0.776377
vt 0.687199 0.776377
vt 0.610768 0.007812
vt 0.636402 0.007812
vt 0.636402 0.776377
vt 0.610768 0.776377
vt 0.648984 0.007812
vt 0.674617 0.007812
vt 0.674617 0.776378
vt 0.648984 0.776378
vt 0.755138 0.810503
vt 0.755138 0.784869
vt 0.777016 0.784869
vt 0.777016 0.810503
vt 0.721168 0.007812
vt 0.743046 0.007812
vt 0.743046 0.776377
vt 0.721168 0.776377
vt 0.789107 0.007812
vt 0.810985 0.007812
vt 0.810985 0.776377
vt 0.789107 0.776377
vt 0.187854 0.817479
vt 0.160675 0.817479
vt 0.160674 0.345553
vt 0.187854 0.345553
vt 0.122459 0.345553
vt 0.149638 0.345553
vt 0.149638 0.817479
vt 0.122459 0.817479
vt 0.516617 0.345553
vt 0.516617 0.817479
vt 0.500368 0.817479
vt 0.500368 0.345553
vt 0.932741 0.007812
vt 0.932741 0.479738
vt 0.916492 0.479738
vt 0.916492 0.007812
vt 0.861292 0.793211
vt 0.861292 0.756282
vt 0.895001 0.756282
vt 0.895001 0.793211
vt 0.368737 0.345553
vt 0.405665 0.345553
vt 0.405665 0.644462
vt 0.368737 0.644462
vt 0.941969 0.811881
vt 0.941969 0.774953
vt 0.975678 0.774953
vt 0.975678 0.811881
vt 0.322029 0.345553
vt 0.358957 0.345553
vt 0.358957 0.644462
vt 0.322029 0.644462
vt 0.457906 0.644462
vt 0.457906 0.345553
vt 0.491615 0.345553
vt 0.491615 0.644462
vt 0.415444 0.644462
vt 0.415444 0.345553
vt 0.449153 0.345553
vt 0.449153 0.644462
vt 0.034992 0.817479
vt 0.007813 0.817479
vt 0.007812 0.345553
vt 0.034992 0.345553
vt 0.046028 0.345553
vt 0.073207 0.345553
vt 0.073207 0.817479
vt 0.046028 0.817479
vt 0.881787 0.007812
vt 0.881787 0.479738
vt 0.865538 0.479738
vt 0.865538 0.007812
vt 0.958218 0.007812
vt 0.958218 0.479738
vt 0.941969 0.479738
vt 0.941969 0.007812
vt 0.226069 0.817479
vt 0.198890 0.817479
vt 0.198890 0.345553
vt 0.226069 0.345553
vt 0.084244 0.345553
vt 0.111423 0.345553
vt 0.111423 0.817479
vt 0.084243 0.817479
vt 0.907264 0.007812
vt 0.907264 0.479738
vt 0.891015 0.479738
vt 0.891015 0.007812
vt 0.932741 0.488231
vt 0.932741 0.960156
vt 0.916492 0.960156
vt 0.916492 0.488231
vt 0.322029 0.652955
vt 0.349208 0.652955
vt 0.349208 0.894007
vt 0.322029 0.894007
vt 0.360244 0.652955
vt 0.387423 0.652955
vt 0.387423 0.894007
vt 0.360244 0.894007
vt 0.992188 0.525408
vt 0.992188 0.766461
vt 0.975938 0.766461
vt 0.975938 0.525408
vt 0.992188 0.275864
vt 0.992188 0.516916
vt 0.975938 0.516916
vt 0.975938 0.275864
vn 0.999968 0.000000 0.007973
vn 0.999968 0.000000 0.007973
vn 0.999968 0.000000 0.007973
vn 0.999968 0.000000 0.007973
vn 0.000000 1.000000 -0.000000
vn 0.000000 1.000000 -0.000000
vn 0.000000 1.000000 -0.000000
vn 0.000000 1.000000 -0.000000
vn -0.999968 0.000000 -0.007973
vn -0.999968 0.000000 -0.007973
vn -0.999968 0.000000 -0.007973
vn -0.999968 0.000000 -0.007973
vn 0.000000 -1.000000 0.000000
vn 0.000000 -1.000000 0.000000
vn 0.000000 -1.000000 0.000000
vn 0.000000 -1.000000 0.000000
vn -0.007973 0.000000 0.999968
vn -0.007973 0.000000 0.999968
vn -0.007973 0.000000 0.999968
vn -0.007973 0.000000 0.999968
vn 0.007976 0.000000 -0.999968
vn 0.007976 0.000000 -0.999968
vn 0.007976 0.000000 -0.999968
vn 0.007976 0.000000 -0.999968
vn 0.999968 0.000000 0.007966
vn 0.999968 0.000000 0.007966
vn 0.999968 0.000000 0.007966
vn 0.999968 0.000000 0.007966
vn -0.999968 0.000000 -0.007982
vn -0.999968 0.000000 -0.007982
vn -0.999968 0.000000 -0.007982
vn -0.999968 0.000000 -0.007982
vn 0.000000 -1.000000 0.000000
vn 0.000000 -1.000000 0.000000
vn 0.000000 -1.000000 0.000000
vn 0.000000 -1.000000 0.000000
vn -0.007941 0.000000 0.999968
vn -0.007941 0.000000 0.999968
vn -0.007941 0.000000 0.999968
vn -0.007941 0.000000 0.999968
vn 0.007942 0.000000 -0.999968
vn 0.007942 0.000000 -0.999968
vn 0.007942 0.000000 -0.999968
vn 0.007942 0.000000 -0.999968
vn 0.999968 0.000000 0.007974
vn 0.999968 0.000000 0.007974
vn 0.999968 0.000000 0.007974
vn 0.999968 0.000000 0.007974
vn -0.999968 0.000000 -0.007974
vn -0.999968 0.000000 -0.007974
vn -0.999968 0.000000 -0.007974
vn -0.999968 0.000000 -0.007974
vn 0.000000 -1.000000 0.000000
vn 0.000000 -1.000000 0.000000
vn 0.000000 -1.000000 0.000000
vn 0.000000 -1.000000 0.000000
vn -0.007973 0.000000 0.999968
vn -0.007973 0.000000 0.999968
vn -0.007973 0.000000 0.999968
vn -0.007973 0.000000 0.999968
vn 0.007973 0.000000 -0.999968
vn 0.007973 0.000000 -0.999968
vn 0.007973 0.000000 -0.999968
vn 0.007973 0.000000 -0.999968
vn 0.999968 0.000000 0.007982
vn 0.999968 0.000000 0.007982
vn 0.999968 0.000000 0.007982
vn 0.999968 0.000000 0.007982
vn -0.999968 0.000000 -0.007974
vn -0.999968 0.000000 -0.007974
vn -0.999968 0.000000 -0.007974
vn -0.999968 0.000000 -0.007974
vn 0.000000 -1.000000 0.000000
vn 0.000000 -1.000000 0.000000
vn 0.000000 -1.000000 0.000000
vn 0.000000 -1.000000 0.000000
vn -0.007983 0.000000 0.999968
vn -0.007983 0.000000 0.999968
vn -0.007983 0.000000 0.999968
vn -0.007983 0.000000 0.999968
vn 0.007983 0.000000 -0.999968
vn 0.007983 0.000000 -0.999968
vn 0.007983 0.000000 -0.999968
vn 0.007983 0.000000 -0.999968
vn 0.999968 0.000000 0.007974
vn 0.999968 0.000000 0.007974
vn 0.999968 0.000000 0.007974
vn 0.999968 0.000000 0.007974
vn -0.999968 0.000000 -0.007982
vn -0.999968 0.000000 -0.007982
vn -0.999968 0.000000 -0.007982
vn -0.999968 0.000000 -0.007982
vn 0.000000 -1.000000 0.000000
vn 0.000000 -1.000000 0.000000
vn 0.000000 -1.000000 0.000000
vn 0.000000 -1.000000 0.000000
vn -0.007983 0.000000 0.999968
vn -0.007983 0.000000 0.999968
vn -0.007983 0.000000 0.999968
vn -0.007983 0.000000 0.999968
vn 0.007983 0.000000 -0.999968
vn 0.007983 0.000000 -0.999968
vn 0.007983 0.000000 -0.999968
vn 0.007983 0.000000 -0.999968
vn 0.008001 0.000001 -0.999968
vn 0.008001 0.000001 -0.999968
vn 0.008001 0.000001 -0.999968
vn 0.008001 0.000001 -0.999968
vn -0.007973 0.000000 0.999968
vn -0.007973 0.000000 0.999968
vn -0.007973 0.000000 0.999968
vn -0.007973 0.000000 0.999968
vn -0.999968 0.000000 -0.007965
vn -0.999968 0.000000 -0.007965
vn -0.999968 0.000000 -0.007965
vn -0.999968 0.000000 -0.007965
vn 0.999968 -0.000000 0.007978
vn 0.999968 -0.000000 0.007978
vn 0.999968 -0.000000 0.007978
vn 0.999968 -0.000000 0.007978
vn 0.999968 0.000000 0.007976
vn 0.999968 0.000000 0.007976
vn 0.999968 0.000000 0.007976
vn 0.999968 0.000000 0.007976
vn 0.000000 1.000000 -0.000000
vn 0.000000 1.000000 -0.000000
vn 0.000000 1.000000 -0.000000
vn 0.000000 1.000000 -0.000000
vn -0.999968 0.000000 -0.007976
vn -0.999968 0.000000 -0.007976
vn -0.999968 0.000000 -0.007976
vn -0.999968 0.000000 -0.007976
vn 0.000000 -1.000000 0.000001
vn 0.000000 -1.000000 0.000001
vn 0.000000 -1.000000 0.000001
vn 0.000000 -1.000000 0.000001
vn -0.007969 0.000000 0.999968
vn -0.007969 0.000000 0.999968
vn -0.007969 0.000000 0.999968
vn -0.007969 0.000000 0.999968
vn 0.007969 0.000000 -0.999968
vn 0.007969 0.000000 -0.999968
vn 0.007969 0.000000 -0.999968
vn 0.007969 0.000000 -0.999968
vn 0.007973 0.000000 -0.999968
vn 0.007973 0.000000 -0.999968
vn 0.007973 0.000000 -0.999968
vn 0.007973 0.000000 -0.999968
vn -0.007973 -0.000001 0.999968
vn -0.007973 -0.000001 0.999968
vn -0.007973 -0.000001 0.999968
vn -0.007973 -0.000001 0.999968
vn -0.999968 0.000000 -0.007971
vn -0.999968 0.000000 -0.007971
vn -0.999968 0.000000 -0.007971
vn -0.999968 0.000000 -0.007971
vn 0.999968 -0.000000 0.007983
vn 0.999968 -0.000000 0.007983
vn 0.999968 -0.000000 0.007983
vn 0.999968 -0.000000 0.007983
vn 0.008001 -0.000001 -0.999968
vn 0.008001 -0.000001 -0.999968
vn 0.008001 -0.000001 -0.999968
vn 0.008001 -0.000001 -0.999968
vn -0.008001 -0.000002 0.999968
vn -0.008001 -0.000002 0.999968
vn -0.008001 -0.000002 0.999968
vn -0.008001 -0.000002 0.999968
vn -0.999968 0.000000 -0.007971
vn -0.999968 0.000000 -0.007971
vn -0.999968 0.000000 -0.007971
vn -0.999968 0.000000 -0.007971
vn 0.999968 -0.000000 0.007983
vn 0.999968 -0.000000 0.007983
vn 0.999968 -0.000000 0.007983
vn 0.999968 -0.000000 0.007983
vn 0.007971 -0.000015 -0.999968
vn 0.007971 -0.000015 -0.999968
vn 0.007971 -0.000015 -0.999968
vn 0.007971 -0.000015 -0.999968
vn -0.007974 -0.000000 0.999968
vn -0.007974 -0.000000 0.999968
vn -0.007974 -0.000000 0.999968
vn -0.007974 -0.000000 0.999968
vn 0.000000 1.000000 0.000000
vn 0.000000 1.000000 0.000000
vn 0.000000 1.000000 0.000000
vn 0.000000 1.000000 0.000000
vn -0.000000 -1.000000 0.000000
vn -0.000000 -1.000000 0.000000
vn -0.000000 -1.000000 0.000000
vn -0.000000 -1.000000 0.000000
s off
g Map01 EV_Chair18
usemtl T_EV_Chair02SG
f 513/1225/1209 515/1228/1210 516/1227/1211 514/1226/1212
f 515/1217/1213 517/1220/1214 518/1219/1215 516/1218/1216
f 517/1229/1217 519/1232/1218 520/1231/1219 518/1230/1220
f 519/1221/1221 513/1224/1222 514/1223/1223 520/1222/1224
f 514/1209/1225 516/1212/1226 518/1211/1227 520/1210/1228
f 519/1213/1229 517/1216/1230 515/1215/1231 513/1214/1232
f 521/1233/1233 523/1236/1234 524/1235/1235 522/1234/1236
f 525/1237/1237 527/1240/1238 528/1239/1239 526/1238/1240
f 527/1241/1241 521/1244/1242 522/1243/1243 528/1242/1244
f 522/1245/1245 524/1248/1246 526/1247/1247 528/1246/1248
f 527/1249/1249 525/1252/1250 523/1251/1251 521/1250/1252
f 529/1253/1253 531/1256/1254 532/1255/1255 530/1254/1256
f 533/1257/1257 535/1260/1258 536/1259/1259 534/1258/1260
f 535/1261/1261 529/1264/1262 530/1263/1263 536/1262/1264
f 530/1265/1265 532/1268/1266 534/1267/1267 536/1266/1268
f 535/1269/1269 533/1272/1270 531/1271/1271 529/1270/1272
f 537/1273/1273 539/1276/1274 540/1275/1275 538/1274/1276
f 541/1277/1277 543/1280/1278 544/1279/1279 542/1278/1280
f 543/1281/1281 537/1284/1282 538/1283/1283 544/1282/1284
f 538/1285/1285 540/1288/1286 542/1287/1287 544/1286/1288
f 543/1289/1289 541/1292/1290 539/1291/1291 537/1290/1292
f 545/1293/1293 547/1296/1294 548/1295/1295 546/1294/1296
f 549/1297/1297 551/1300/1298 552/1299/1299 550/1298/1300
f 551/1301/1301 545/1304/1302 546/1303/1303 552/1302/1304
f 546/1305/1305 548/1308/1306 550/1307/1307 552/1306/1308
f 551/1309/1309 549/1312/1310 547/1311/1311 545/1310/1312
f 555/1313/1313 557/1316/1314 558/1315/1315 556/1314/1316
f 559/1317/1317 553/1320/1318 554/1319/1319 560/1318/1320
f 554/1321/1321 556/1324/1322 558/1323/1323 560/1322/1324
f 559/1325/1325 557/1328/1326 555/1327/1327 553/1326/1328
f 561/1329/1329 563/1332/1330 564/1331/1331 562/1330/1332
f 563/1333/1333 565/1336/1334 566/1335/1335 564/1334/1336
f 565/1337/1337 567/1340/1338 568/1339/1339 566/1338/1340
f 567/1341/1341 561/1344/1342 562/1343/1343 568/1342/1344
f 562/1345/1345 564/1348/1346 566/1347/1347 568/1346/1348
f 567/1349/1349 565/1352/1350 563/1351/1351 561/1350/1352
f 571/1353/1353 573/1356/1354 574/1355/1355 572/1354/1356
f 575/1357/1357 569/1360/1358 570/1359/1359 576/1358/1360
f 570/1361/1361 572/1364/1362 574/1363/1363 576/1362/1364
f 575/1365/1365 573/1368/1366 571/1367/1367 569/1366/1368
f 579/1369/1369 581/1372/1370 582/1371/1371 580/1370/1372
f 583/1373/1373 577/1376/1374 578/1375/1375 584/1374/1376
f 578/1377/1377 580/1380/1378 582/1379/1379 584/1378/1380
f 583/1381/1381 581/1384/1382 579/1383/1383 577/1382/1384
f 587/1385/1385 589/1388/1386 590/1387/1387 588/1386/1388
f 591/1389/1389 585/1392/1390 586/1391/1391 592/1390/1392
f 586/1393/1393 588/1396/1394 590/1395/1395 592/1394/1396
f 591/1397/1397 589/1400/1398 587/1399/1399 585/1398/1400
g default
v 120.336136 200.000000 1378.976562
v 120.336136 0.000000 1378.976562
v 0.336132 200.000000 1378.976562
v 0.336132 0.000000 1378.976562
v 120.336136 200.000000 1375.142700
v 120.336136 0.000000 1375.142700
v 0.336132 200.000000 1375.142700
v 0.336132 0.000000 1375.142700
v 113.636131 187.137222 1375.142700
v 113.636131 12.862778 1375.142700
v 7.036133 12.862778 1375.142700
v 7.036133 187.137222 1375.142700
v 120.336136 200.000000 1378.976562
v 120.336136 0.000000 1378.976562
v 0.336132 200.000000 1378.976562
v 0.336132 0.000000 1378.976562
v 113.636131 187.137222 1378.976562
v 113.636131 12.862778 1378.976562
v 7.036133 12.862778 1378.976562
v 7.036133 187.137222 1378.976562
v 113.636162 113.388412 1376.286987
v 7.036098 113.388412 1376.286987
v 113.636093 100.779938 1376.286987
v 7.036167 100.779938 1376.286987
v 113.636162 113.388412 1378.896851
v 7.036098 113.388412 1378.896851
v 113.636093 100.779938 1378.896851
v 7.036167 100.779938 1378.896851
v 23.648811 103.568192 1372.885864
v 20.748810 105.675163 1372.885864
v 17.164211 105.675163 1372.885864
v 14.264214 103.568192 1372.885864
v 13.156513 100.159035 1372.885864
v 14.264214 96.749878 1372.885864
v 17.164215 94.642906 1372.885864
v 20.748810 94.642906 1372.885864
v 23.648811 96.749878 1372.885864
v 24.756512 100.159035 1372.885864
v 24.619633 104.273529 1374.085815
v 21.119633 106.816429 1374.085815
v 16.793392 106.816429 1374.085815
v 13.293392 104.273529 1374.085815
v 11.956512 100.159035 1374.085815
v 13.293392 96.044533 1374.085815
v 16.793392 93.501633 1374.085815
v 21.119633 93.501640 1374.085815
v 24.619633 96.044540 1374.085815
v 25.956512 100.159035 1374.085815
v 25.590450 104.978874 1372.885864
v 21.490452 107.957695 1372.885864
v 16.422573 107.957695 1372.885864
v 12.322571 104.978874 1372.885864
v 10.756512 100.159035 1372.885864
v 12.322575 95.339195 1372.885864
v 16.422573 92.360367 1372.885864
v 21.490452 92.360367 1372.885864
v 25.590450 95.339195 1372.885864
v 27.156513 100.159035 1372.885864
v 24.619633 104.273529 1371.685791
v 21.119633 106.816429 1371.685791
v 16.793392 106.816429 1371.685791
v 13.293392 104.273529 1371.685791
v 11.956512 100.159035 1371.685791
v 13.293392 96.044533 1371.685791
v 16.793392 93.501633 1371.685791
v 21.119633 93.501640 1371.685791
v 24.619633 96.044540 1371.685791
v 25.956512 100.159035 1371.685791
v 20.938427 105.074532 1376.287354
v 18.956512 104.253593 1376.287354
v 16.974594 105.074532 1376.287354
v 16.153660 107.056442 1376.287354
v 16.974594 109.038361 1376.287354
v 18.956512 109.859291 1376.287354
v 20.938427 109.038361 1376.287354
v 21.759361 107.056442 1376.287354
v 20.938427 105.074532 1370.681641
v 18.956512 104.253593 1370.681641
v 16.974594 105.074532 1370.681641
v 16.153660 107.056442 1370.681641
v 16.974594 109.038361 1370.681641
v 18.956512 109.859291 1370.681641
v 20.938427 109.038361 1370.681641
v 21.759361 107.056442 1370.681641
v 18.956512 107.056442 1370.681641
vt 0.007813 0.874911
vt 0.007812 0.007902
vt 0.528018 0.007902
vt 0.528018 0.874911
vt 0.769152 0.007812
vt 0.769152 0.874821
vt 0.740107 0.819061
vt 0.740107 0.063573
vt 0.663139 0.007894
vt 0.663139 0.528099
vt 0.607379 0.499054
vt 0.607379 0.036939
vt 0.781299 0.874843
vt 0.781299 0.007834
vt 0.810343 0.063594
vt 0.810343 0.819082
vt 0.538726 0.528089
vt 0.538726 0.007884
vt 0.594487 0.036928
vt 0.594487 0.499044
vt 0.839110 0.007902
vt 0.839110 0.874910
vt 0.822490 0.874910
vt 0.822490 0.007902
vt 0.976415 0.007902
vt 0.976415 0.528108
vt 0.959795 0.528108
vt 0.959795 0.007902
vt 0.932334 0.528108
vt 0.932334 0.007902
vt 0.948954 0.007902
vt 0.948954 0.528108
vt 0.849951 0.874911
vt 0.849951 0.007902
vt 0.866571 0.007902
vt 0.866571 0.874911
vt 0.904873 0.763389
vt 0.904873 0.007902
vt 0.921493 0.007902
vt 0.921493 0.763389
vt 0.692651 0.479172
vt 0.692651 0.941288
vt 0.676031 0.941288
vt 0.676031 0.479172
vt 0.894032 0.007902
vt 0.894032 0.763389
vt 0.877412 0.763389
vt 0.877412 0.007902
vt 0.712646 0.941287
vt 0.712646 0.479172
vt 0.729266 0.479172
vt 0.729266 0.941287
vt 0.676031 0.470018
vt 0.676031 0.007902
vt 0.730690 0.007902
vt 0.730690 0.470018
vt 0.637000 0.529683
vt 0.637000 0.991800
vt 0.625686 0.991800
vt 0.625686 0.529683
vt 0.561610 0.992188
vt 0.561610 0.530072
vt 0.572924 0.530072
vt 0.572924 0.992188
vt 0.614535 0.682803
vt 0.615232 0.699755
vt 0.607575 0.702210
vt 0.607215 0.683218
vt 0.614689 0.664686
vt 0.607422 0.664687
vt 0.614746 0.646377
vt 0.607463 0.646309
vt 0.614730 0.628049
vt 0.607438 0.627971
vt 0.614688 0.609723
vt 0.607394 0.609644
vt 0.614634 0.591402
vt 0.607341 0.591320
vt 0.614559 0.573096
vt 0.607279 0.572997
vt 0.614440 0.554856
vt 0.607200 0.554664
vt 0.614339 0.536912
vt 0.607167 0.536204
vt 0.615676 0.520407
vt 0.608410 0.517657
vt 0.599477 0.703978
vt 0.600062 0.683363
vt 0.600206 0.664668
vt 0.600190 0.646279
vt 0.600147 0.627944
vt 0.600099 0.609617
vt 0.600050 0.591291
vt 0.600004 0.572957
vt 0.599983 0.554569
vt 0.600118 0.535874
vt 0.600690 0.515259
vt 0.591759 0.701576
vt 0.593014 0.683030
vt 0.592989 0.664571
vt 0.592916 0.646238
vt 0.592856 0.627916
vt 0.592805 0.609592
vt 0.592759 0.591266
vt 0.592731 0.572929
vt 0.592766 0.554552
vt 0.592965 0.536023
vt 0.592592 0.517032
vt 0.584494 0.698821
vt 0.585843 0.682319
vt 0.585749 0.664378
vt 0.585635 0.646140
vt 0.585564 0.627837
vt 0.585510 0.609518
vt 0.585467 0.591193
vt 0.585448 0.572866
vt 0.585499 0.554559
vt 0.585645 0.536443
vt 0.584937 0.519492
vt 0.932334 0.611658
vt 0.932334 0.602359
vt 0.956635 0.602359
vt 0.956635 0.611658
vt 0.932334 0.593059
vt 0.956635 0.593059
vt 0.932334 0.583759
vt 0.956635 0.583759
vt 0.932334 0.574460
vt 0.956635 0.574460
vt 0.932334 0.565160
vt 0.956635 0.565160
vt 0.932334 0.555861
vt 0.956635 0.555861
vt 0.932334 0.546561
vt 0.956635 0.546561
vt 0.932334 0.537261
vt 0.956635 0.537261
vt 0.985065 0.638502
vt 0.976453 0.642012
vt 0.976523 0.629862
vt 0.967882 0.638404
vt 0.964372 0.629793
vt 0.967980 0.621221
vt 0.976592 0.617712
vt 0.985163 0.621319
vt 0.988673 0.629931
vn 0.000000 0.000000 -1.000000
vn 0.000000 0.000000 -1.000000
vn 0.000000 0.000000 -1.000000
vn 0.000000 0.000000 -1.000000
vn -0.000003 0.000000 -1.000000
vn -0.000003 0.000000 -1.000000
vn -0.000006 0.000000 -1.000000
vn -0.000006 0.000000 -1.000000
vn 0.000003 0.000000 -1.000000
vn 0.000006 0.000000 -1.000000
vn 0.000003 0.000000 -1.000000
vn 0.000006 0.000000 -1.000000
vn 1.000000 0.000000 0.000000
vn 1.000000 0.000000 0.000000
vn 1.000000 0.000000 0.000000
vn 1.000000 0.000000 0.000000
vn 0.000000 1.000000 0.000000
vn 0.000000 1.000000 0.000000
vn 0.000000 1.000000 0.000000
vn 0.000000 1.000000 0.000000
vn 0.000000 -1.000000 0.000000
vn 0.000000 -1.000000 0.000000
vn 0.000000 -1.000000 0.000000
vn 0.000000 -1.000000 0.000000
vn -1.000000 0.000000 0.000000
vn -1.000000 0.000000 0.000000
vn -1.000000 0.000000 0.000000
vn -1.000000 0.000000 0.000000
vn -1.000000 0.000000 0.000000
vn -1.000000 0.000000 0.000000
vn -1.000000 0.000000 0.000000
vn -1.000000 0.000000 0.000000
vn 0.000000 1.000000 0.000000
vn 0.000000 1.000000 0.000000
vn 0.000000 1.000000 0.000000
vn 0.000000 1.000000 0.000000
vn 1.000000 0.000000 0.000000
vn 1.000000 0.000000 0.000000
vn 1.000000 0.000000 0.000000
vn 1.000000 0.000000 0.000000
vn 0.000000 -1.000000 0.000000
vn 0.000000 -1.000000 0.000000
vn 0.000000 -1.000000 0.000000
vn 0.000000 -1.000000 0.000000
vn 0.000000 0.000000 -1.000000
vn 0.000000 0.000000 -1.000000
vn 0.000000 0.000000 -1.000000
vn 0.000000 0.000000 -1.000000
vn 0.000000 1.000000 0.000000
vn 0.000000 1.000000 0.000000
vn 0.000000 1.000000 0.000000
vn 0.000000 1.000000 0.000000
vn 0.000000 -1.000000 0.000000
vn 0.000000 -1.000000 0.000000
vn 0.000000 -1.000000 0.000000
vn 0.000000 -1.000000 0.000000
vn -0.309029 -0.951053 -0.000001
vn -0.809028 -0.587770 0.000001
vn 0.176298 0.128081 0.975968
vn 0.067334 0.207237 0.975971
vn 0.309014 -0.951058 0.000006
vn -0.067335 0.207228 0.975973
vn 0.809019 -0.587783 0.000006
vn -0.176302 0.128073 0.975969
vn 1.000000 -0.000002 0.000002
vn -0.217928 -0.000000 0.975965
vn 0.809016 0.587786 -0.000002
vn -0.176286 -0.128080 0.975971
vn 0.309015 0.951057 -0.000001
vn -0.067325 -0.207235 0.975972
vn -0.309013 0.951058 0.000006
vn 0.067324 -0.207231 0.975973
vn -0.809019 0.587783 0.000006
vn 0.176290 -0.128076 0.975970
vn -1.000000 -0.000002 0.000005
vn 0.217930 0.000001 0.975964
vn 0.809017 0.587786 -0.000003
vn 0.309010 0.951059 -0.000005
vn -0.309013 0.951058 -0.000002
vn -0.809022 0.587779 -0.000001
vn -1.000000 0.000001 -0.000005
vn -0.809010 -0.587795 -0.000005
vn -0.309002 -0.951062 -0.000004
vn 0.309004 -0.951061 -0.000002
vn 0.809016 -0.587787 -0.000002
vn 1.000000 0.000002 -0.000003
vn 0.176264 0.128089 -0.975974
vn 0.067322 0.207250 -0.975969
vn -0.067332 0.207244 -0.975970
vn -0.176276 0.128082 -0.975972
vn -0.217888 -0.000000 -0.975974
vn -0.176273 -0.128086 -0.975972
vn -0.067330 -0.207246 -0.975969
vn 0.067334 -0.207245 -0.975969
vn 0.176278 -0.128085 -0.975972
vn 0.217885 0.000001 -0.975974
vn 0.707108 -0.707105 0.000000
vn 0.000000 -1.000000 0.000000
vn 0.000000 -1.000000 0.000000
vn 0.707108 -0.707105 0.000000
vn -0.707108 -0.707106 0.000000
vn -0.707108 -0.707106 0.000000
vn -1.000000 0.000000 0.000000
vn -1.000000 0.000000 0.000000
vn -0.707105 0.707108 0.000000
vn -0.707105 0.707108 0.000000
vn 0.000000 1.000000 0.000000
vn 0.000000 1.000000 0.000000
vn 0.707106 0.707108 0.000000
vn 0.707106 0.707108 0.000000
vn 1.000000 0.000000 0.000000
vn 1.000000 0.000000 0.000000
vn -0.000044 0.000000 -1.000000
vn -0.000044 0.000000 -1.000000
vn -0.000011 0.000000 -1.000000
vn 0.000000 0.000000 -1.000000
vn 0.000000 0.000000 -1.000000
vn 0.000000 0.000000 -1.000000
vn 0.000000 0.000000 -1.000000
vn 0.000000 0.000000 -1.000000
vn 0.000000 0.000000 -1.000000
s off
g Map01 EV_Door03
usemtl T_EV_Door01SG
f 593/1401/1401 594/1402/1402 596/1403/1403 595/1404/1404
s 1
f 597/1405/1405 598/1406/1406 602/1407/1407 601/1408/1408
f 598/1409/1406 600/1410/1409 603/1411/1410 602/1412/1407
f 600/1413/1409 599/1414/1411 604/1415/1412 603/1416/1410
f 599/1417/1411 597/1418/1405 601/1419/1408 604/1420/1412
s off
f 598/1421/1413 597/1422/1414 605/1423/1415 606/1424/1416
f 597/1425/1417 599/1426/1418 607/1427/1419 605/1428/1420
f 600/1429/1421 598/1430/1422 606/1431/1423 608/1432/1424
f 599/1433/1425 600/1434/1426 608/1435/1427 607/1436/1428
f 601/1437/1429 602/1438/1430 610/1439/1431 609/1440/1432
f 602/1441/1433 603/1442/1434 611/1443/1435 610/1444/1436
f 603/1445/1437 604/1446/1438 612/1447/1439 611/1448/1440
f 604/1449/1441 601/1450/1442 609/1451/1443 612/1452/1444
f 614/1453/1445 613/1454/1446 615/1455/1447 616/1456/1448
f 613/1457/1449 614/1458/1450 618/1459/1451 617/1460/1452
f 616/1461/1453 615/1462/1454 619/1463/1455 620/1464/1456
s 2
f 622/1465/1457 621/1466/1458 631/1467/1459 632/1468/1460
f 623/1469/1461 622/1465/1457 632/1468/1460 633/1470/1462
f 624/1471/1463 623/1469/1461 633/1470/1462 634/1472/1464
f 625/1473/1465 624/1471/1463 634/1472/1464 635/1474/1466
f 626/1475/1467 625/1473/1465 635/1474/1466 636/1476/1468
f 627/1477/1469 626/1475/1467 636/1476/1468 637/1478/1470
f 628/1479/1471 627/1477/1469 637/1478/1470 638/1480/1472
f 629/1481/1473 628/1479/1471 638/1480/1472 639/1482/1474
f 630/1483/1475 629/1481/1473 639/1482/1474 640/1484/1476
f 621/1485/1458 630/1483/1475 640/1484/1476 631/1486/1459
f 632/1468/1460 631/1467/1459 641/1487/1477 642/1488/1478
f 633/1470/1462 632/1468/1460 642/1488/1478 643/1489/1479
f 634/1472/1464 633/1470/1462 643/1489/1479 644/1490/1480
f 635/1474/1466 634/1472/1464 644/1490/1480 645/1491/1481
f 636/1476/1468 635/1474/1466 645/1491/1481 646/1492/1482
f 637/1478/1470 636/1476/1468 646/1492/1482 647/1493/1483
f 638/1480/1472 637/1478/1470 647/1493/1483 648/1494/1484
f 639/1482/1474 638/1480/1472 648/1494/1484 649/1495/1485
f 640/1484/1476 639/1482/1474 649/1495/1485 650/1496/1486
f 631/1486/1459 640/1484/1476 650/1496/1486 641/1497/1477
f 642/1488/1478 641/1487/1477 651/1498/1487 652/1499/1488
f 643/1489/1479 642/1488/1478 652/1499/1488 653/1500/1489
f 644/1490/1480 643/1489/1479 653/1500/1489 654/1501/1490
f 645/1491/1481 644/1490/1480 654/1501/1490 655/1502/1491
f 646/1492/1482 645/1491/1481 655/1502/1491 656/1503/1492
f 647/1493/1483 646/1492/1482 656/1503/1492 657/1504/1493
f 648/1494/1484 647/1493/1483 657/1504/1493 658/1505/1494
f 649/1495/1485 648/1494/1484 658/1505/1494 659/1506/1495
f 650/1496/1486 649/1495/1485 659/1506/1495 660/1507/1496
f 641/1497/1477 650/1496/1486 660/1507/1496 651/1508/1487
f 652/1499/1488 651/1498/1487 621/1509/1458 622/1510/1457
f 653/1500/1489 652/1499/1488 622/1510/1457 623/1511/1461
f 654/1501/1490 653/1500/1489 623/1511/1461 624/1512/1463
f 655/1502/1491 654/1501/1490 624/1512/1463 625/1513/1465
f 656/1503/1492 655/1502/1491 625/1513/1465 626/1514/1467
f 657/1504/1493 656/1503/1492 626/1514/1467 627/1515/1469
f 658/1505/1494 657/1504/1493 627/1515/1469 628/1516/1471
f 659/1506/1495 658/1505/1494 628/1516/1471 629/1517/1473
f 660/1507/1496 659/1506/1495 629/1517/1473 630/1518/1475
f 651/1508/1487 660/1507/1496 630/1518/1475 621/1519/1458
s 3
f 661/1520/1497 662/1521/1498 670/1522/1499 669/1523/1500
f 662/1521/1498 663/1524/1501 671/1525/1502 670/1522/1499
f 663/1524/1501 664/1526/1503 672/1527/1504 671/1525/1502
f 664/1526/1503 665/1528/1505 673/1529/1506 672/1527/1504
f 665/1528/1505 666/1530/1507 674/1531/1508 673/1529/1506
f 666/1530/1507 667/1532/1509 675/1533/1510 674/1531/1508
f 667/1532/1509 668/1534/1511 676/1535/1512 675/1533/1510
f 668/1534/1511 661/1536/1497 669/1537/1500 676/1535/1512
s 4
f 669/1538/1513 670/1539/1514 677/1540/1515
f 670/1539/1514 671/1541/1516 677/1540/1515
f 671/1541/1516 672/1542/1517 677/1540/1515
f 672/1542/1517 673/1543/1518 677/1540/1515
f 673/1543/1518 674/1544/1519 677/1540/1515
f 674/1544/1519 675/1545/1520 677/1540/1515
f 675/1545/1520 676/1546/1521 677/1540/1515
f 676/1546/1521 669/1538/1513 677/1540/1515
g default
v -119.633667 200.000000 1378.976562
v -119.633667 0.000000 1378.976562
v 0.366325 200.000000 1378.976562
v 0.366325 0.000000 1378.976562
v -119.633667 200.000000 1375.142700
v -119.633667 0.000000 1375.142700
v 0.366325 200.000000 1375.142700
v 0.366325 0.000000 1375.142700
v -112.933670 187.137222 1375.142700
v -112.933670 12.862778 1375.142700
v -6.333675 12.862778 1375.142700
v -6.333675 187.137222 1375.142700
v -119.633667 200.000000 1378.976562
v -119.633667 0.000000 1378.976562
v 0.366325 200.000000 1378.976562
v 0.366325 0.000000 1378.976562
v -112.933670 187.137222 1378.976562
v -112.933670 12.862778 1378.976562
v -6.333675 12.862778 1378.976562
v -6.333675 187.137222 1378.976562
v -112.933701 113.388412 1376.286987
v -6.333641 113.388412 1376.286987
v -112.933647 100.779938 1376.286987
v -6.333710 100.779938 1376.286987
v -112.933701 113.388412 1378.896851
v -6.333641 113.388412 1378.896851
v -112.933647 100.779938 1378.896851
v -6.333710 100.779938 1378.896851
v -22.946354 103.568192 1372.885864
v -20.046352 105.675163 1372.885864
v -16.461754 105.675163 1372.885864
v -13.561756 103.568192 1372.885864
v -12.454056 100.159035 1372.885864
v -13.561756 96.749878 1372.885864
v -16.461758 94.642906 1372.885864
v -20.046352 94.642906 1372.885864
v -22.946354 96.749878 1372.885864
v -24.054054 100.159035 1372.885864
v -23.917175 104.273529 1374.085815
v -20.417175 106.816429 1374.085815
v -16.090935 106.816429 1374.085815
v -12.590935 104.273529 1374.085815
v -11.254055 100.159035 1374.085815
v -12.590935 96.044533 1374.085815
v -16.090935 93.501633 1374.085815
v -20.417175 93.501640 1374.085815
v -23.917175 96.044540 1374.085815
v -25.254055 100.159035 1374.085815
v -24.887993 104.978874 1372.885864
v -20.787994 107.957695 1372.885864
v -15.720116 107.957695 1372.885864
v -11.620113 104.978874 1372.885864
v -10.054054 100.159035 1372.885864
v -11.620117 95.339195 1372.885864
v -15.720116 92.360367 1372.885864
v -20.787994 92.360367 1372.885864
v -24.887993 95.339195 1372.885864
v -26.454056 100.159035 1372.885864
v -23.917175 104.273529 1371.685791
v -20.417175 106.816429 1371.685791
v -16.090935 106.816429 1371.685791
v -12.590935 104.273529 1371.685791
v -11.254055 100.159035 1371.685791
v -12.590935 96.044533 1371.685791
v -16.090935 93.501633 1371.685791
v -20.417175 93.501640 1371.685791
v -23.917175 96.044540 1371.685791
v -25.254055 100.159035 1371.685791
v -20.235970 105.074532 1376.287354
v -18.254055 104.253593 1376.287354
v -16.272137 105.074532 1376.287354
v -15.451202 107.056442 1376.287354
v -16.272137 109.038361 1376.287354
v -18.254055 109.859291 1376.287354
v -20.235970 109.038361 1376.287354
v -21.056904 107.056442 1376.287354
v -20.235970 105.074532 1370.681641
v -18.254055 104.253593 1370.681641
v -16.272137 105.074532 1370.681641
v -15.451202 107.056442 1370.681641
v -16.272137 109.038361 1370.681641
v -18.254055 109.859291 1370.681641
v -20.235970 109.038361 1370.681641
v -21.056904 107.056442 1370.681641
v -18.254055 107.056442 1370.681641
vt 0.007813 0.874911
vt 0.007812 0.007902
vt 0.528018 0.007902
vt 0.528018 0.874911
vt 0.769152 0.007812
vt 0.769152 0.874821
vt 0.740107 0.819061
vt 0.740107 0.063573
vt 0.663139 0.007894
vt 0.663139 0.528099
vt 0.607379 0.499054
vt 0.607379 0.036939
vt 0.781299 0.874843
vt 0.781299 0.007834
vt 0.810343 0.063594
vt 0.810343 0.819082
vt 0.538726 0.528089
vt 0.538726 0.007884
vt 0.594487 0.036928
vt 0.594487 0.499044
vt 0.839110 0.007902
vt 0.839110 0.874910
vt 0.822490 0.874910
vt 0.822490 0.007902
vt 0.976415 0.007902
vt 0.976415 0.528108
vt 0.959795 0.528108
vt 0.959795 0.007902
vt 0.932334 0.528108
vt 0.932334 0.007902
vt 0.948954 0.007902
vt 0.948954 0.528108
vt 0.849951 0.874911
vt 0.849951 0.007902
vt 0.866571 0.007902
vt 0.866571 0.874911
vt 0.904873 0.763389
vt 0.904873 0.007902
vt 0.921493 0.007902
vt 0.921493 0.763389
vt 0.692651 0.479172
vt 0.692651 0.941288
vt 0.676031 0.941288
vt 0.676031 0.479172
vt 0.894032 0.007902
vt 0.894032 0.763389
vt 0.877412 0.763389
vt 0.877412 0.007902
vt 0.712646 0.941287
vt 0.712646 0.479172
vt 0.729266 0.479172
vt 0.729266 0.941287
vt 0.676031 0.470018
vt 0.676031 0.007902
vt 0.730690 0.007902
vt 0.730690 0.470018
vt 0.637000 0.529683
vt 0.637000 0.991800
vt 0.625686 0.991800
vt 0.625686 0.529683
vt 0.561610 0.992188
vt 0.561610 0.530072
vt 0.572924 0.530072
vt 0.572924 0.992188
vt 0.614535 0.682803
vt 0.615232 0.699755
vt 0.607575 0.702210
vt 0.607215 0.683218
vt 0.614689 0.664686
vt 0.607422 0.664687
vt 0.614746 0.646377
vt 0.607463 0.646309
vt 0.614730 0.628049
vt 0.607438 0.627971
vt 0.614688 0.609723
vt 0.607394 0.609644
vt 0.614634 0.591402
vt 0.607341 0.591320
vt 0.614559 0.573096
vt 0.607279 0.572997
vt 0.614440 0.554856
vt 0.607200 0.554664
vt 0.614339 0.536912
vt 0.607167 0.536204
vt 0.615676 0.520407
vt 0.608410 0.517657
vt 0.599477 0.703978
vt 0.600062 0.683363
vt 0.600206 0.664668
vt 0.600190 0.646279
vt 0.600147 0.627944
vt 0.600099 0.609617
vt 0.600050 0.591291
vt 0.600004 0.572957
vt 0.599983 0.554569
vt 0.600118 0.535874
vt 0.600690 0.515259
vt 0.591759 0.701576
vt 0.593014 0.683030
vt 0.592989 0.664571
vt 0.592916 0.646238
vt 0.592856 0.627916
vt 0.592805 0.609592
vt 0.592759 0.591266
vt 0.592731 0.572929
vt 0.592766 0.554552
vt 0.592965 0.536023
vt 0.592592 0.517032
vt 0.584494 0.698821
vt 0.585843 0.682319
vt 0.585749 0.664378
vt 0.585635 0.646140
vt 0.585564 0.627837
vt 0.585510 0.609518
vt 0.585467 0.591193
vt 0.585448 0.572866
vt 0.585499 0.554559
vt 0.585645 0.536443
vt 0.584937 0.519492
vt 0.932334 0.611658
vt 0.932334 0.602359
vt 0.956635 0.602359
vt 0.956635 0.611658
vt 0.932334 0.593059
vt 0.956635 0.593059
vt 0.932334 0.583759
vt 0.956635 0.583759
vt 0.932334 0.574460
vt 0.956635 0.574460
vt 0.932334 0.565160
vt 0.956635 0.565160
vt 0.932334 0.555861
vt 0.956635 0.555861
vt 0.932334 0.546561
vt 0.956635 0.546561
vt 0.932334 0.537261
vt 0.956635 0.537261
vt 0.985065 0.638502
vt 0.976453 0.642012
vt 0.976523 0.629862
vt 0.967882 0.638404
vt 0.964372 0.629793
vt 0.967980 0.621221
vt 0.976592 0.617712
vt 0.985163 0.621319
vt 0.988673 0.629931
vn 0.000000 0.000000 -1.000000
vn 0.000000 0.000000 -1.000000
vn 0.000000 0.000000 -1.000000
vn 0.000000 0.000000 -1.000000
vn 0.000000 0.000000 -1.000000
vn 0.000000 0.000000 -1.000000
vn 0.000000 0.000000 -1.000000
vn 0.000000 0.000000 -1.000000
vn 0.000000 0.000000 -1.000000
vn 0.000000 0.000000 -1.000000
vn 0.000000 0.000000 -1.000000
vn 0.000000 0.000000 -1.000000
vn -1.000000 0.000000 0.000000
vn -1.000000 0.000000 0.000000
vn -1.000000 0.000000 0.000000
vn -1.000000 0.000000 0.000000
vn 0.000000 1.000000 0.000000
vn 0.000000 1.000000 0.000000
vn 0.000000 1.000000 0.000000
vn 0.000000 1.000000 0.000000
vn 0.000000 -1.000000 0.000000
vn 0.000000 -1.000000 0.000000
vn 0.000000 -1.000000 0.000000
vn 0.000000 -1.000000 0.000000
vn 1.000000 0.000000 0.000000
vn 1.000000 0.000000 0.000000
vn 1.000000 0.000000 0.000000
vn 1.000000 0.000000 0.000000
vn 1.000000 0.000000 0.000000
vn 1.000000 0.000000 0.000000
vn 1.000000 0.000000 0.000000
vn 1.000000 0.000000 0.000000
vn 0.000000 1.000000 0.000000
vn 0.000000 1.000000 0.000000
vn 0.000000 1.000000 0.000000
vn 0.000000 1.000000 0.000000
vn -1.000000 0.000000 0.000000
vn -1.000000 0.000000 0.000000
vn -1.000000 0.000000 0.000000
vn -1.000000 0.000000 0.000000
vn 0.000000 -1.000000 0.000000
vn 0.000000 -1.000000 0.000000
vn 0.000000 -1.000000 0.000000
vn 0.000000 -1.000000 0.000000
vn 0.000000 0.000000 -1.000000
vn 0.000000 0.000000 -1.000000
vn 0.000000 0.000000 -1.000000
vn 0.000000 0.000000 -1.000000
vn 0.000000 1.000000 0.000000
vn 0.000000 1.000000 0.000000
vn 0.000000 1.000000 0.000000
vn 0.000000 1.000000 0.000000
vn 0.000000 -1.000000 0.000000
vn 0.000000 -1.000000 0.000000
vn 0.000000 -1.000000 0.000000
vn 0.000000 -1.000000 0.000000
vn 0.309013 -0.951058 0.000001
vn -0.067337 0.207234 0.975971
vn -0.176305 0.128078 0.975968
vn 0.809022 -0.587778 0.000001
vn -0.309026 -0.951054 -0.000003
vn 0.067316 0.207237 0.975972
vn -0.809026 -0.587774 -0.000004
vn 0.176282 0.128082 0.975971
vn -1.000000 0.000001 0.000001
vn 0.217927 -0.000001 0.975965
vn -0.809012 0.587792 0.000002
vn 0.176296 -0.128075 0.975970
vn -0.309013 0.951058 0.000002
vn 0.067335 -0.207231 0.975972
vn 0.309028 0.951053 -0.000003
vn -0.067326 -0.207234 0.975972
vn 0.809025 0.587774 -0.000004
vn -0.176293 -0.128078 0.975970
vn 1.000000 -0.000002 0.000002
vn -0.217933 0.000001 0.975964
vn -0.309001 0.951062 -0.000009
vn -0.809015 0.587788 -0.000010
vn 0.309010 0.951059 0.000003
vn 0.809019 0.587783 0.000001
vn 1.000000 -0.000002 -0.000006
vn 0.809013 -0.587791 -0.000009
vn 0.309011 -0.951058 -0.000008
vn -0.309020 -0.951056 -0.000004
vn -0.809023 -0.587777 -0.000005
vn -1.000000 0.000002 -0.000005
vn -0.067320 0.207251 -0.975969
vn -0.176263 0.128090 -0.975973
vn 0.067340 0.207243 -0.975969
vn 0.176283 0.128081 -0.975971
vn 0.217887 -0.000001 -0.975974
vn 0.176274 -0.128086 -0.975972
vn 0.067332 -0.207247 -0.975969
vn -0.067341 -0.207243 -0.975969
vn -0.176284 -0.128083 -0.975971
vn -0.217888 0.000001 -0.975974
vn -0.707108 -0.707105 0.000000
vn -0.707108 -0.707105 0.000000
vn 0.000000 -1.000000 0.000000
vn 0.000000 -1.000000 0.000000
vn 0.707108 -0.707106 0.000000
vn 0.707108 -0.707106 0.000000
vn 1.000000 0.000000 0.000000
vn 1.000000 0.000000 0.000000
vn 0.707105 0.707108 0.000000
vn 0.707105 0.707108 0.000000
vn -0.000000 1.000000 0.000000
vn -0.000000 1.000000 0.000000
vn -0.707106 0.707108 0.000000
vn -0.707106 0.707108 0.000000
vn -1.000000 0.000000 0.000000
vn -1.000000 0.000000 0.000000
vn 0.000022 0.000000 -1.000000
vn -0.000000 0.000000 -1.000000
vn -0.000000 0.000000 -1.000000
vn -0.000022 0.000000 -1.000000
vn 0.000000 0.000000 -1.000000
vn 0.000000 0.000000 -1.000000
vn 0.000000 0.000000 -1.000000
vn 0.000000 0.000000 -1.000000
vn 0.000000 0.000000 -1.000000
s off
g Map01 EV_Door04
usemtl T_EV_Door01SG
f 678/1547/1522 680/1550/1523 681/1549/1524 679/1548/1525
s 1
f 682/1551/1526 686/1554/1527 687/1553/1528 683/1552/1529
f 683/1555/1529 687/1558/1528 688/1557/1530 685/1556/1531
f 685/1559/1531 688/1562/1530 689/1561/1532 684/1560/1533
f 684/1563/1533 689/1566/1532 686/1565/1527 682/1564/1526
s off
f 683/1567/1534 691/1570/1535 690/1569/1536 682/1568/1537
f 682/1571/1538 690/1574/1539 692/1573/1540 684/1572/1541
f 685/1575/1542 693/1578/1543 691/1577/1544 683/1576/1545
f 684/1579/1546 692/1582/1547 693/1581/1548 685/1580/1549
f 686/1583/1550 694/1586/1551 695/1585/1552 687/1584/1553
f 687/1587/1554 695/1590/1555 696/1589/1556 688/1588/1557
f 688/1591/1558 696/1594/1559 697/1593/1560 689/1592/1561
f 689/1595/1562 697/1598/1563 694/1597/1564 686/1596/1565
f 699/1599/1566 701/1602/1567 700/1601/1568 698/1600/1569
f 698/1603/1570 702/1606/1571 703/1605/1572 699/1604/1573
f 701/1607/1574 705/1610/1575 704/1609/1576 700/1608/1577
s 2
f 707/1611/1578 717/1614/1579 716/1613/1580 706/1612/1581
f 708/1615/1582 718/1616/1583 717/1614/1579 707/1611/1578
f 709/1617/1584 719/1618/1585 718/1616/1583 708/1615/1582
f 710/1619/1586 720/1620/1587 719/1618/1585 709/1617/1584
f 711/1621/1588 721/1622/1589 720/1620/1587 710/1619/1586
f 712/1623/1590 722/1624/1591 721/1622/1589 711/1621/1588
f 713/1625/1592 723/1626/1593 722/1624/1591 712/1623/1590
f 714/1627/1594 724/1628/1595 723/1626/1593 713/1625/1592
f 715/1629/1596 725/1630/1597 724/1628/1595 714/1627/1594
f 706/1631/1581 716/1632/1580 725/1630/1597 715/1629/1596
f 717/1614/1579 727/1634/1598 726/1633/1599 716/1613/1580
f 718/1616/1583 728/1635/1600 727/1634/1598 717/1614/1579
f 719/1618/1585 729/1636/1601 728/1635/1600 718/1616/1583
f 720/1620/1587 730/1637/1602 729/1636/1601 719/1618/1585
f 721/1622/1589 731/1638/1603 730/1637/1602 720/1620/1587
f 722/1624/1591 732/1639/1604 731/1638/1603 721/1622/1589
f 723/1626/1593 733/1640/1605 732/1639/1604 722/1624/1591
f 724/1628/1595 734/1641/1606 733/1640/1605 723/1626/1593
f 725/1630/1597 735/1642/1607 734/1641/1606 724/1628/1595
f 716/1632/1580 726/1643/1599 735/1642/1607 725/1630/1597
f 727/1634/1598 737/1645/1608 736/1644/1609 726/1633/1599
f 728/1635/1600 738/1646/1610 737/1645/1608 727/1634/1598
f 729/1636/1601 739/1647/1611 738/1646/1610 728/1635/1600
f 730/1637/1602 740/1648/1612 739/1647/1611 729/1636/1601
f 731/1638/1603 741/1649/1613 740/1648/1612 730/1637/1602
f 732/1639/1604 742/1650/1614 741/1649/1613 731/1638/1603
f 733/1640/1605 743/1651/1615 742/1650/1614 732/1639/1604
f 734/1641/1606 744/1652/1616 743/1651/1615 733/1640/1605
f 735/1642/1607 745/1653/1617 744/1652/1616 734/1641/1606
f 726/1643/1599 736/1654/1609 745/1653/1617 735/1642/1607
f 737/1645/1608 707/1656/1578 706/1655/1581 736/1644/1609
f 738/1646/1610 708/1657/1582 707/1656/1578 737/1645/1608
f 739/1647/1611 709/1658/1584 708/1657/1582 738/1646/1610
f 740/1648/1612 710/1659/1586 709/1658/1584 739/1647/1611
f 741/1649/1613 711/1660/1588 710/1659/1586 740/1648/1612
f 742/1650/1614 712/1661/1590 711/1660/1588 741/1649/1613
f 743/1651/1615 713/1662/1592 712/1661/1590 742/1650/1614
f 744/1652/1616 714/1663/1594 713/1662/1592 743/1651/1615
f 745/1653/1617 715/1664/1596 714/1663/1594 744/1652/1616
f 736/1654/1609 706/1665/1581 715/1664/1596 745/1653/1617
s 3
f 746/1666/1618 754/1669/1619 755/1668/1620 747/1667/1621
f 747/1667/1621 755/1668/1620 756/1671/1622 748/1670/1623
f 748/1670/1623 756/1671/1622 757/1673/1624 749/1672/1625
f 749/1672/1625 757/1673/1624 758/1675/1626 750/1674/1627
f 750/1674/1627 758/1675/1626 759/1677/1628 751/1676/1629
f 751/1676/1629 759/1677/1628 760/1679/1630 752/1678/1631
f 752/1678/1631 760/1679/1630 761/1681/1632 753/1680/1633
f 753/1680/1633 761/1681/1632 754/1683/1619 746/1682/1618
s 4
f 754/1684/1634 762/1686/1635 755/1685/1636
f 755/1685/1636 762/1686/1635 756/1687/1637
f 756/1687/1637 762/1686/1635 757/1688/1638
f 757/1688/1638 762/1686/1635 758/1689/1639
f 758/1689/1639 762/1686/1635 759/1690/1640
f 759/1690/1640 762/1686/1635 760/1691/1641
f 760/1691/1641 762/1686/1635 761/1692/1642
f 761/1692/1642 762/1686/1635 754/1684/1634
g default
v 509.161255 129.240311 -98.929474
v 511.161255 129.240311 -98.929474
v 509.161255 159.240311 -98.929474
v 511.161255 159.240311 -98.929474
v 509.161255 159.240311 -158.929474
v 511.161255 159.240311 -158.929474
v 509.161255 129.240311 -158.929474
v 511.161255 129.240311 -158.929474
vt 0.003906 0.003906
vt 0.996093 0.003906
vt 0.996093 0.500000
vt 0.003906 0.500000
vt 0.996094 0.504245
vt 0.996094 0.537318
vt 0.003906 0.537319
vt 0.003906 0.504246
vt 0.996094 0.541564
vt 0.996094 0.574637
vt 0.003906 0.574637
vt 0.003906 0.541564
vt 0.995680 0.616201
vt 0.995679 0.649274
vt 0.499586 0.649274
vt 0.499586 0.616201
vt 0.995680 0.578883
vt 0.995680 0.611956
vt 0.499586 0.611956
vt 0.499586 0.578883
vn 0.000000 0.000000 1.000000
vn 0.000000 0.000000 1.000000
vn 0.000000 0.000000 1.000000
vn 0.000000 0.000000 1.000000
vn 0.000000 1.000000 0.000000
vn 0.000000 1.000000 0.000000
vn 0.000000 1.000000 0.000000
vn 0.000000 1.000000 0.000000
vn 0.000000 0.000000 -1.000000
vn 0.000000 0.000000 -1.000000
vn 0.000000 0.000000 -1.000000
vn 0.000000 0.000000 -1.000000
vn 0.000000 -1.000000 0.000000
vn 0.000000 -1.000000 0.000000
vn 0.000000 -1.000000 0.000000
vn 0.000000 -1.000000 0.000000
vn -1.000000 0.000000 0.000000
vn -1.000000 0.000000 0.000000
vn -1.000000 0.000000 0.000000
vn -1.000000 0.000000 0.000000
s off
g Map01 EV_Board01_low2
usemtl lambert11SG
f 763/1705/1643 764/1706/1644 766/1707/1645 765/1708/1646
f 765/1697/1647 766/1698/1648 768/1699/1649 767/1700/1650
f 767/1709/1651 768/1710/1652 770/1711/1653 769/1712/1654
f 769/1701/1655 770/1702/1656 764/1703/1657 763/1704/1658
f 769/1693/1659 763/1694/1660 765/1695/1661 767/1696/1662
g default
v 510.695923 163.027649 -178.286346
v 507.294891 163.027649 -178.286346
v 510.695923 308.027649 -178.286346
v 507.294891 308.027649 -178.286346
v 510.695923 308.027649 -78.286346
v 507.294891 308.027649 -78.286346
v 510.695923 163.027649 -78.286346
v 507.294891 163.027649 -78.286346
vt 0.060187 0.001992
vt 0.747094 0.001992
vt 0.747094 0.998008
vt 0.060187 0.998008
vt 0.753629 0.001992
vt 0.776991 0.001992
vt 0.776991 0.688900
vt 0.753629 0.688900
vt 0.782827 0.001992
vt 0.806189 0.001992
vt 0.806189 0.688900
vt 0.782827 0.688900
vt 0.001609 0.001992
vt 0.024971 0.001992
vt 0.024971 0.998008
vt 0.001609 0.998008
vt 0.030989 0.001992
vt 0.054351 0.001992
vt 0.054351 0.998008
vt 0.030989 0.998008
vn 0.000000 0.000000 -1.000000
vn 0.000000 0.000000 -1.000000
vn 0.000000 0.000000 -1.000000
vn 0.000000 0.000000 -1.000000
vn 0.000000 1.000000 0.000000
vn 0.000000 1.000000 0.000000
vn 0.000000 1.000000 0.000000
vn 0.000000 1.000000 0.000000
vn 0.000000 0.000000 1.000000
vn 0.000000 0.000000 1.000000
vn 0.000000 0.000000 1.000000
vn 0.000000 0.000000 1.000000
vn 0.000000 -1.000000 0.000000
vn 0.000000 -1.000000 0.000000
vn 0.000000 -1.000000 0.000000
vn 0.000000 -1.000000 0.000000
vn -1.000000 0.000000 0.000000
vn -1.000000 0.000000 0.000000
vn -1.000000 0.000000 0.000000
vn -1.000000 0.000000 0.000000
s off
g Map01 EV_Picture04
usemtl lambert9SG
f 771/1725/1663 772/1726/1664 774/1727/1665 773/1728/1666
f 773/1717/1667 774/1718/1668 776/1719/1669 775/1720/1670
f 775/1729/1671 776/1730/1672 778/1731/1673 777/1732/1674
f 777/1721/1675 778/1722/1676 772/1723/1677 771/1724/1678
f 772/1713/1679 778/1714/1680 776/1715/1681 774/1716/1682
g default
v 509.161255 129.240311 -608.866943
v 511.161255 129.240311 -608.866943
v 509.161255 159.240311 -608.866943
v 511.161255 159.240311 -608.866943
v 509.161255 159.240311 -668.866943
v 511.161255 159.240311 -668.866943
v 509.161255 129.240311 -668.866943
v 511.161255 129.240311 -668.866943
vt 0.003906 0.003906
vt 0.996093 0.003906
vt 0.996093 0.500000
vt 0.003906 0.500000
vt 0.996094 0.504245
vt 0.996094 0.537318
vt 0.003906 0.537319
vt 0.003906 0.504246
vt 0.996094 0.541564
vt 0.996094 0.574637
vt 0.003906 0.574637
vt 0.003906 0.541564
vt 0.995680 0.616201
vt 0.995679 0.649274
vt 0.499586 0.649274
vt 0.499586 0.616201
vt 0.995680 0.578883
vt 0.995680 0.611956
vt 0.499586 0.611956
vt 0.499586 0.578883
vn 0.000000 0.000000 1.000000
vn 0.000000 0.000000 1.000000
vn 0.000000 0.000000 1.000000
vn 0.000000 0.000000 1.000000
vn 0.000000 1.000000 0.000000
vn 0.000000 1.000000 0.000000
vn 0.000000 1.000000 0.000000
vn 0.000000 1.000000 0.000000
vn 0.000000 0.000000 -1.000000
vn 0.000000 0.000000 -1.000000
vn 0.000000 0.000000 -1.000000
vn 0.000000 0.000000 -1.000000
vn 0.000000 -1.000000 0.000000
vn 0.000000 -1.000000 0.000000
vn 0.000000 -1.000000 0.000000
vn 0.000000 -1.000000 0.000000
vn -1.000000 0.000000 0.000000
vn -1.000000 0.000000 0.000000
vn -1.000000 0.000000 0.000000
vn -1.000000 0.000000 0.000000
s off
g Map01 EV_Board01_low3
usemtl lambert11SG
f 779/1745/1683 780/1746/1684 782/1747/1685 781/1748/1686
f 781/1737/1687 782/1738/1688 784/1739/1689 783/1740/1690
f 783/1749/1691 784/1750/1692 786/1751/1693 785/1752/1694
f 785/1741/1695 786/1742/1696 780/1743/1697 779/1744/1698
f 785/1733/1699 779/1734/1700 781/1735/1701 783/1736/1702
g default
v 510.695923 163.027649 -688.223816
v 507.294891 163.027649 -688.223816
v 510.695923 308.027649 -688.223816
v 507.294891 308.027649 -688.223816
v 510.695923 308.027649 -588.223816
v 507.294891 308.027649 -588.223816
v 510.695923 163.027649 -588.223816
v 507.294891 163.027649 -588.223816
vt 0.060187 0.001992
vt 0.747094 0.001992
vt 0.747094 0.998008
vt 0.060187 0.998008
vt 0.753629 0.001992
vt 0.776991 0.001992
vt 0.776991 0.688900
vt 0.753629 0.688900
vt 0.782827 0.001992
vt 0.806189 0.001992
vt 0.806189 0.688900
vt 0.782827 0.688900
vt 0.001609 0.001992
vt 0.024971 0.001992
vt 0.024971 0.998008
vt 0.001609 0.998008
vt 0.030989 0.001992
vt 0.054351 0.001992
vt 0.054351 0.998008
vt 0.030989 0.998008
vn 0.000000 0.000000 -1.000000
vn 0.000000 0.000000 -1.000000
vn 0.000000 0.000000 -1.000000
vn 0.000000 0.000000 -1.000000
vn 0.000000 1.000000 0.000000
vn 0.000000 1.000000 0.000000
vn 0.000000 1.000000 0.000000
vn 0.000000 1.000000 0.000000
vn 0.000000 0.000000 1.000000
vn 0.000000 0.000000 1.000000
vn 0.000000 0.000000 1.000000
vn 0.000000 0.000000 1.000000
vn 0.000000 -1.000000 0.000000
vn 0.000000 -1.000000 0.000000
vn 0.000000 -1.000000 0.000000
vn 0.000000 -1.000000 0.000000
vn -1.000000 0.000000 0.000000
vn -1.000000 0.000000 0.000000
vn -1.000000 0.000000 0.000000
vn -1.000000 0.000000 0.000000
s off
g Map01 EV_Picture05
usemtl lambert9SG
f 787/1765/1703 788/1766/1704 790/1767/1705 789/1768/1706
f 789/1757/1707 790/1758/1708 792/1759/1709 791/1760/1710
f 791/1769/1711 792/1770/1712 794/1771/1713 793/1772/1714
f 793/1761/1715 794/1762/1716 788/1763/1717 787/1764/1718
f 788/1753/1719 794/1754/1720 792/1755/1721 790/1756/1722
g default
v -509.161255 129.240311 -608.866943
v -511.161255 129.240311 -608.866943
v -509.161255 159.240311 -608.866943
v -511.161255 159.240311 -608.866943
v -509.161255 159.240311 -668.866943
v -511.161255 159.240311 -668.866943
v -509.161255 129.240311 -668.866943
v -511.161255 129.240311 -668.866943
vt 0.003906 0.003906
vt 0.996093 0.003906
vt 0.996093 0.500000
vt 0.003906 0.500000
vt 0.996094 0.504245
vt 0.996094 0.537318
vt 0.003906 0.537319
vt 0.003906 0.504246
vt 0.996094 0.541564
vt 0.996094 0.574637
vt 0.003906 0.574637
vt 0.003906 0.541564
vt 0.995680 0.616201
vt 0.995679 0.649274
vt 0.499586 0.649274
vt 0.499586 0.616201
vt 0.995680 0.578883
vt 0.995680 0.611956
vt 0.499586 0.611956
vt 0.499586 0.578883
vn 0.000000 0.000000 1.000000
vn 0.000000 0.000000 1.000000
vn 0.000000 0.000000 1.000000
vn 0.000000 0.000000 1.000000
vn 0.000000 1.000000 0.000000
vn 0.000000 1.000000 0.000000
vn 0.000000 1.000000 0.000000
vn 0.000000 1.000000 0.000000
vn 0.000000 0.000000 -1.000000
vn 0.000000 0.000000 -1.000000
vn 0.000000 0.000000 -1.000000
vn 0.000000 0.000000 -1.000000
vn 0.000000 -1.000000 0.000000
vn 0.000000 -1.000000 0.000000
vn 0.000000 -1.000000 0.000000
vn 0.000000 -1.000000 0.000000
vn 1.000000 0.000000 0.000000
vn 1.000000 0.000000 0.000000
vn 1.000000 0.000000 0.000000
vn 1.000000 0.000000 0.000000
s off
g Map01 EV_Board01_low4
usemtl lambert11SG
f 795/1785/1723 797/1788/1724 798/1787/1725 796/1786/1726
f 797/1777/1727 799/1780/1728 800/1779/1729 798/1778/1730
f 799/1789/1731 801/1792/1732 802/1791/1733 800/1790/1734
f 801/1781/1735 795/1784/1736 796/1783/1737 802/1782/1738
f 801/1773/1739 799/1776/1740 797/1775/1741 795/1774/1742
g default
v -510.695923 163.027649 -688.223816
v -507.294891 163.027649 -688.223816
v -510.695923 308.027649 -688.223816
v -507.294891 308.027649 -688.223816
v -510.695923 308.027649 -588.223816
v -507.294891 308.027649 -588.223816
v -510.695923 163.027649 -588.223816
v -507.294891 163.027649 -588.223816
vt 0.060187 0.001992
vt 0.747094 0.001992
vt 0.747094 0.998008
vt 0.060187 0.998008
vt 0.753629 0.001992
vt 0.776991 0.001992
vt 0.776991 0.688900
vt 0.753629 0.688900
vt 0.782827 0.001992
vt 0.806189 0.001992
vt 0.806189 0.688900
vt 0.782827 0.688900
vt 0.001609 0.001992
vt 0.024971 0.001992
vt 0.024971 0.998008
vt 0.001609 0.998008
vt 0.030989 0.001992
vt 0.054351 0.001992
vt 0.054351 0.998008
vt 0.030989 0.998008
vn 0.000000 0.000000 -1.000000
vn 0.000000 0.000000 -1.000000
vn 0.000000 0.000000 -1.000000
vn 0.000000 0.000000 -1.000000
vn 0.000000 1.000000 0.000000
vn 0.000000 1.000000 0.000000
vn 0.000000 1.000000 0.000000
vn 0.000000 1.000000 0.000000
vn 0.000000 0.000000 1.000000
vn 0.000000 0.000000 1.000000
vn 0.000000 0.000000 1.000000
vn 0.000000 0.000000 1.000000
vn 0.000000 -1.000000 0.000000
vn 0.000000 -1.000000 0.000000
vn 0.000000 -1.000000 0.000000
vn 0.000000 -1.000000 0.000000
vn 1.000000 0.000000 0.000000
vn 1.000000 0.000000 0.000000
vn 1.000000 0.000000 0.000000
vn 1.000000 0.000000 0.000000
s off
g Map01 EV_Picture06
usemtl lambert9SG
f 803/1805/1743 805/1808/1744 806/1807/1745 804/1806/1746
f 805/1797/1747 807/1800/1748 808/1799/1749 806/1798/1750
f 807/1809/1751 809/1812/1752 810/1811/1753 808/1810/1754
f 809/1801/1755 803/1804/1756 804/1803/1757 810/1802/1758
f 804/1793/1759 806/1796/1760 808/1795/1761 810/1794/1762
g default
v -509.161255 129.240311 -98.929474
v -511.161255 129.240311 -98.929474
v -509.161255 159.240311 -98.929474
v -511.161255 159.240311 -98.929474
v -509.161255 159.240311 -158.929474
v -511.161255 159.240311 -158.929474
v -509.161255 129.240311 -158.929474
v -511.161255 129.240311 -158.929474
vt 0.003906 0.003906
vt 0.996093 0.003906
vt 0.996093 0.500000
vt 0.003906 0.500000
vt 0.996094 0.504245
vt 0.996094 0.537318
vt 0.003906 0.537319
vt 0.003906 0.504246
vt 0.996094 0.541564
vt 0.996094 0.574637
vt 0.003906 0.574637
vt 0.003906 0.541564
vt 0.995680 0.616201
vt 0.995679 0.649274
vt 0.499586 0.649274
vt 0.499586 0.616201
vt 0.995680 0.578883
vt 0.995680 0.611956
vt 0.499586 0.611956
vt 0.499586 0.578883
vn 0.000000 0.000000 1.000000
vn 0.000000 0.000000 1.000000
vn 0.000000 0.000000 1.000000
vn 0.000000 0.000000 1.000000
vn 0.000000 1.000000 0.000000
vn 0.000000 1.000000 0.000000
vn 0.000000 1.000000 0.000000
vn 0.000000 1.000000 0.000000
vn 0.000000 0.000000 -1.000000
vn 0.000000 0.000000 -1.000000
vn 0.000000 0.000000 -1.000000
vn 0.000000 0.000000 -1.000000
vn 0.000000 -1.000000 0.000000
vn 0.000000 -1.000000 0.000000
vn 0.000000 -1.000000 0.000000
vn 0.000000 -1.000000 0.000000
vn 1.000000 0.000000 0.000000
vn 1.000000 0.000000 0.000000
vn 1.000000 0.000000 0.000000
vn 1.000000 0.000000 0.000000
s off
g Map01 EV_Board01_low5
usemtl lambert11SG
f 811/1825/1763 813/1828/1764 814/1827/1765 812/1826/1766
f 813/1817/1767 815/1820/1768 816/1819/1769 814/1818/1770
f 815/1829/1771 817/1832/1772 818/1831/1773 816/1830/1774
f 817/1821/1775 811/1824/1776 812/1823/1777 818/1822/1778
f 817/1813/1779 815/1816/1780 813/1815/1781 811/1814/1782
g default
v -510.695923 163.027649 -178.286346
v -507.294891 163.027649 -178.286346
v -510.695923 308.027649 -178.286346
v -507.294891 308.027649 -178.286346
v -510.695923 308.027649 -78.286346
v -507.294891 308.027649 -78.286346
v -510.695923 163.027649 -78.286346
v -507.294891 163.027649 -78.286346
vt 0.060187 0.001992
vt 0.747094 0.001992
vt 0.747094 0.998008
vt 0.060187 0.998008
vt 0.753629 0.001992
vt 0.776991 0.001992
vt 0.776991 0.688900
vt 0.753629 0.688900
vt 0.782827 0.001992
vt 0.806189 0.001992
vt 0.806189 0.688900
vt 0.782827 0.688900
vt 0.001609 0.001992
vt 0.024971 0.001992
vt 0.024971 0.998008
vt 0.001609 0.998008
vt 0.030989 0.001992
vt 0.054351 0.001992
vt 0.054351 0.998008
vt 0.030989 0.998008
vn 0.000000 0.000000 -1.000000
vn 0.000000 0.000000 -1.000000
vn 0.000000 0.000000 -1.000000
vn 0.000000 0.000000 -1.000000
vn 0.000000 1.000000 0.000000
vn 0.000000 1.000000 0.000000
vn 0.000000 1.000000 0.000000
vn 0.000000 1.000000 0.000000
vn 0.000000 0.000000 1.000000
vn 0.000000 0.000000 1.000000
vn 0.000000 0.000000 1.000000
vn 0.000000 0.000000 1.000000
vn 0.000000 -1.000000 0.000000
vn 0.000000 -1.000000 0.000000
vn 0.000000 -1.000000 0.000000
vn 0.000000 -1.000000 0.000000
vn 1.000000 0.000000 0.000000
vn 1.000000 0.000000 0.000000
vn 1.000000 0.000000 0.000000
vn 1.000000 0.000000 0.000000
s off
g Map01 EV_Picture07
usemtl lambert9SG
f 819/1845/1783 821/1848/1784 822/1847/1785 820/1846/1786
f 821/1837/1787 823/1840/1788 824/1839/1789 822/1838/1790
f 823/1849/1791 825/1852/1792 826/1851/1793 824/1850/1794
f 825/1841/1795 819/1844/1796 820/1843/1797 826/1842/1798
f 820/1833/1799 822/1836/1800 824/1835/1801 826/1834/1802
g default
v -509.161255 129.240311 395.328491
v -511.161255 129.240311 395.328491
v -509.161255 159.240311 395.328491
v -511.161255 159.240311 395.328491
v -509.161255 159.240311 335.328491
v -511.161255 159.240311 335.328491
v -509.161255 129.240311 335.328491
v -511.161255 129.240311 335.328491
vt 0.003906 0.003906
vt 0.996093 0.003906
vt 0.996093 0.500000
vt 0.003906 0.500000
vt 0.996094 0.504245
vt 0.996094 0.537318
vt 0.003906 0.537319
vt 0.003906 0.504246
vt 0.996094 0.541564
vt 0.996094 0.574637
vt 0.003906 0.574637
vt 0.003906 0.541564
vt 0.995680 0.616201
vt 0.995679 0.649274
vt 0.499586 0.649274
vt 0.499586 0.616201
vt 0.995680 0.578883
vt 0.995680 0.611956
vt 0.499586 0.611956
vt 0.499586 0.578883
vn 0.000000 0.000000 1.000000
vn 0.000000 0.000000 1.000000
vn 0.000000 0.000000 1.000000
vn 0.000000 0.000000 1.000000
vn 0.000000 1.000000 0.000000
vn 0.000000 1.000000 0.000000
vn 0.000000 1.000000 0.000000
vn 0.000000 1.000000 0.000000
vn 0.000000 0.000000 -1.000000
vn 0.000000 0.000000 -1.000000
vn 0.000000 0.000000 -1.000000
vn 0.000000 0.000000 -1.000000
vn 0.000000 -1.000000 0.000000
vn 0.000000 -1.000000 0.000000
vn 0.000000 -1.000000 0.000000
vn 0.000000 -1.000000 0.000000
vn 1.000000 0.000000 0.000000
vn 1.000000 0.000000 0.000000
vn 1.000000 0.000000 0.000000
vn 1.000000 0.000000 0.000000
s off
g Map01 EV_Board01_low6
usemtl lambert11SG
f 827/1865/1803 829/1868/1804 830/1867/1805 828/1866/1806
f 829/1857/1807 831/1860/1808 832/1859/1809 830/1858/1810
f 831/1869/1811 833/1872/1812 834/1871/1813 832/1870/1814
f 833/1861/1815 827/1864/1816 828/1863/1817 834/1862/1818
f 833/1853/1819 831/1856/1820 829/1855/1821 827/1854/1822
g default
v -510.695923 163.027649 315.971619
v -507.294891 163.027649 315.971619
v -510.695923 308.027649 315.971619
v -507.294891 308.027649 315.971619
v -510.695923 308.027649 415.971619
v -507.294891 308.027649 415.971619
v -510.695923 163.027649 415.971619
v -507.294891 163.027649 415.971619
vt 0.060187 0.001992
vt 0.747094 0.001992
vt 0.747094 0.998008
vt 0.060187 0.998008
vt 0.753629 0.001992
vt 0.776991 0.001992
vt 0.776991 0.688900
vt 0.753629 0.688900
vt 0.782827 0.001992
vt 0.806189 0.001992
vt 0.806189 0.688900
vt 0.782827 0.688900
vt 0.001609 0.001992
vt 0.024971 0.001992
vt 0.024971 0.998008
vt 0.001609 0.998008
vt 0.030989 0.001992
vt 0.054351 0.001992
vt 0.054351 0.998008
vt 0.030989 0.998008
vn 0.000000 0.000000 -1.000000
vn 0.000000 0.000000 -1.000000
vn 0.000000 0.000000 -1.000000
vn 0.000000 0.000000 -1.000000
vn 0.000000 1.000000 0.000000
vn 0.000000 1.000000 0.000000
vn 0.000000 1.000000 0.000000
vn 0.000000 1.000000 0.000000
vn 0.000000 0.000000 1.000000
vn 0.000000 0.000000 1.000000
vn 0.000000 0.000000 1.000000
vn 0.000000 0.000000 1.000000
vn 0.000000 -1.000000 0.000000
vn 0.000000 -1.000000 0.000000
vn 0.000000 -1.000000 0.000000
vn 0.000000 -1.000000 0.000000
vn 1.000000 0.000000 0.000000
vn 1.000000 0.000000 0.000000
vn 1.000000 0.000000 0.000000
vn 1.000000 0.000000 0.000000
s off
g Map01 EV_Picture08
usemtl lambert9SG
f 835/1885/1823 837/1888/1824 838/1887/1825 836/1886/1826
f 837/1877/1827 839/1880/1828 840/1879/1829 838/1878/1830
f 839/1889/1831 841/1892/1832 842/1891/1833 840/1890/1834
f 841/1881/1835 835/1884/1836 836/1883/1837 842/1882/1838
f 836/1873/1839 838/1876/1840 840/1875/1841 842/1874/1842
g default
v -30.000000 129.240311 -1173.714233
v -30.000000 129.240311 -1175.714233
v -30.000000 159.240311 -1173.714233
v -30.000000 159.240311 -1175.714233
v 30.000000 159.240311 -1173.714233
v 30.000000 159.240311 -1175.714233
v 30.000000 129.240311 -1173.714233
v 30.000000 129.240311 -1175.714233
vt 0.003906 0.003906
vt 0.996093 0.003906
vt 0.996093 0.500000
vt 0.003906 0.500000
vt 0.996094 0.504245
vt 0.996094 0.537318
vt 0.003906 0.537319
vt 0.003906 0.504246
vt 0.996094 0.541564
vt 0.996094 0.574637
vt 0.003906 0.574637
vt 0.003906 0.541564
vt 0.995680 0.616201
vt 0.995679 0.649274
vt 0.499586 0.649274
vt 0.499586 0.616201
vt 0.995680 0.578883
vt 0.995680 0.611956
vt 0.499586 0.611956
vt 0.499586 0.578883
vn -1.000000 0.000000 0.000000
vn -1.000000 0.000000 0.000000
vn -1.000000 0.000000 0.000000
vn -1.000000 0.000000 0.000000
vn 0.000000 1.000000 0.000000
vn 0.000000 1.000000 0.000000
vn 0.000000 1.000000 0.000000
vn 0.000000 1.000000 0.000000
vn 1.000000 0.000000 0.000000
vn 1.000000 0.000000 0.000000
vn 1.000000 0.000000 0.000000
vn 1.000000 0.000000 0.000000
vn 0.000000 -1.000000 0.000000
vn 0.000000 -1.000000 0.000000
vn 0.000000 -1.000000 0.000000
vn 0.000000 -1.000000 0.000000
vn 0.000000 0.000000 1.000000
vn 0.000000 0.000000 1.000000
vn 0.000000 0.000000 1.000000
vn 0.000000 0.000000 1.000000
s off
g Map01 EV_Board01_low7
usemtl lambert11SG
f 843/1905/1843 845/1908/1844 846/1907/1845 844/1906/1846
f 845/1897/1847 847/1900/1848 848/1899/1849 846/1898/1850
f 847/1909/1851 849/1912/1852 850/1911/1853 848/1910/1854
f 849/1901/1855 843/1904/1856 844/1903/1857 850/1902/1858
f 849/1893/1859 847/1896/1860 845/1895/1861 843/1894/1862
g default
v 50.000000 163.027649 -1175.771606
v 50.000034 163.027649 -1172.370605
v 50.000000 308.027649 -1175.771606
v 50.000034 308.027649 -1172.370605
v -50.000000 308.027649 -1175.771606
v -49.999996 308.027649 -1172.370605
v -50.000000 163.027649 -1175.771606
v -49.999996 163.027649 -1172.370605
vt 0.060187 0.001992
vt 0.747094 0.001992
vt 0.747094 0.998008
vt 0.060187 0.998008
vt 0.753629 0.001992
vt 0.776991 0.001992
vt 0.776991 0.688900
vt 0.753629 0.688900
vt 0.782827 0.001992
vt 0.806189 0.001992
vt 0.806189 0.688900
vt 0.782827 0.688900
vt 0.001609 0.001992
vt 0.024971 0.001992
vt 0.024971 0.998008
vt 0.001609 0.998008
vt 0.030989 0.001992
vt 0.054351 0.001992
vt 0.054351 0.998008
vt 0.030989 0.998008
vn 1.000000 0.000000 -0.000010
vn 1.000000 0.000000 -0.000010
vn 1.000000 0.000000 -0.000010
vn 1.000000 0.000000 -0.000010
vn 0.000000 1.000000 0.000002
vn 0.000000 1.000000 0.000002
vn 0.000000 1.000000 0.000002
vn 0.000000 1.000000 0.000002
vn -1.000000 0.000000 0.000001
vn -1.000000 0.000000 0.000001
vn -1.000000 0.000000 0.000001
vn -1.000000 0.000000 0.000001
vn 0.000000 -1.000000 -0.000001
vn 0.000000 -1.000000 -0.000001
vn 0.000000 -1.000000 -0.000001
vn 0.000000 -1.000000 -0.000001
vn 0.000000 0.000000 1.000000
vn 0.000000 0.000000 1.000000
vn 0.000000 0.000000 1.000000
vn 0.000000 0.000000 1.000000
s off
g Map01 EV_Picture09
usemtl lambert9SG
f 851/1925/1863 853/1928/1864 854/1927/1865 852/1926/1866
f 853/1917/1867 855/1920/1868 856/1919/1869 854/1918/1870
f 855/1929/1871 857/1932/1872 858/1931/1873 856/1930/1874
f 857/1921/1875 851/1924/1876 852/1923/1877 858/1922/1878
f 852/1913/1879 854/1916/1880 856/1915/1881 858/1914/1882
g default
v -525.336304 -0.000009 1394.106567
v -525.336304 350.000000 1394.106567
v -510.000000 350.000000 1380.000000
v -510.000000 -0.000009 1380.000000
v -510.000000 -0.000046 -1175.000000
v -510.000000 350.000000 -1175.000000
v -525.336182 350.000000 -1189.913940
v -525.336182 -0.000046 -1189.913940
v 525.336304 -0.000006 1394.045654
v 525.336304 350.000000 1394.093872
v 510.000000 350.000000 1380.000000
v 510.000000 -0.000010 1380.000000
v 525.336243 -0.000008 1394.142090
v 510.000000 -0.000046 -1175.000000
v 510.000000 350.000000 -1175.000000
v 525.336182 350.000000 -1189.913940
v 525.336182 -0.000046 -1189.913940
vt 1.631646 1.000003
vt -5.513929 1.000007
vt -5.511703 0.000008
vt 1.631647 0.000003
vt 1.960670 -1.000040
vt 1.960670 0.000040
vt 0.637200 -3.316740
vt 0.637199 -0.900441
vt 0.623825 -0.887130
vt 0.623825 -3.330031
vt -0.960670 0.000040
vt -0.021578 -0.515952
vt -5.553067 -0.000004
vt 1.671185 0.000000
vt 1.671185 1.000000
vt -5.553067 0.999995
vt 0.915144 -0.528874
vt -0.960670 -0.026883
vt -2.654148 1.000020
vt 0.226297 0.999991
vt 0.226296 -0.000009
vt -2.654148 0.000019
vt -3.766768 -0.784454
vt -0.877759 -0.784452
vt -0.916373 -0.823340
vt -3.727611 -0.823341
vt 1.339122 0.999999
vt 1.339260 -0.000000
vt 1.338985 -0.000002
vt 2.479532 0.000001
vt -0.345874 -0.000000
vt -0.345955 1.000000
vt 2.479451 1.000001
vt 1.631646 1.000003
vt 1.631647 0.000003
vt -5.511703 0.000008
vt -5.513929 1.000007
vt -0.960670 -1.000040
vt 1.960670 -1.000040
vt 0.637200 -3.316740
vt 0.623826 -3.330077
vt 0.623825 -0.887130
vt 0.637199 -0.900441
vt 1.671185 0.000000
vt 1.671185 1.000000
vt -5.553191 -0.000005
vt -5.553191 0.999994
vt -0.044938 -0.528875
vt 1.960670 -0.026883
vt -0.960670 -1.000040
vt 0.912659 -0.515952
vn 1.000000 0.000000 0.000000
vn 1.000000 0.000000 0.000000
vn 1.000000 0.000000 0.000000
vn 1.000000 0.000000 0.000000
vn 0.000000 0.000000 1.000000
vn 0.000000 0.000000 1.000000
vn 0.000000 0.000000 1.000000
vn 0.000000 0.000000 1.000000
vn 0.000000 1.000000 0.000000
vn 0.000000 1.000000 0.000000
vn 0.000000 1.000000 0.000000
vn 0.000000 1.000000 0.000000
vn 0.000000 1.000000 0.000000
vn 0.000000 1.000000 0.000000
vn -1.000000 0.000000 -0.000000
vn -1.000000 0.000000 -0.000000
vn -1.000000 0.000000 -0.000000
vn -1.000000 0.000000 -0.000000
vn 0.000000 0.000000 -1.000000
vn 0.000000 0.000000 -1.000000
vn 0.000000 0.000000 -1.000000
vn 0.000000 0.000000 -1.000000
vn 0.000000 0.000000 -1.000000
vn 0.000000 0.000000 -1.000000
vn 0.000000 0.000000 -1.000000
vn 0.000000 0.000000 -1.000000
vn 0.000000 1.000000 0.000001
vn 0.000000 1.000000 0.000001
vn 0.000000 1.000000 0.000001
vn 0.000000 1.000000 0.000001
vn 0.000000 0.000000 0.000000
vn 1.000000 0.000000 0.000634
vn 1.000000 0.000000 0.000634
vn -0.000011 0.000069 1.000000
vn -0.000011 0.000069 1.000000
vn -0.000011 0.000069 1.000000
vn -0.000011 0.000069 1.000000
vn -1.000000 0.000000 0.000000
vn -1.000000 0.000000 0.000000
vn -1.000000 0.000000 0.000000
vn -1.000000 0.000000 0.000000
vn 0.000000 1.000000 0.000000
vn 0.000000 1.000000 0.000000
vn 1.000000 -0.000000 -0.000000
vn 1.000000 -0.000000 -0.000000
vn 1.000000 -0.000000 -0.000000
vn 1.000000 -0.000000 -0.000000
s off
g Map01 Map01_EV_Wall03
usemtl lambert2SG
f 864/1933/1883 861/1934/1884 862/1935/1885 863/1936/1886
f 864/1937/1887 863/1938/1888 872/1943/1889 873/1982/1890
s 1
f 861/1939/1891 864/1940/1892 865/1941/1893 860/1942/1894
f 865/1949/1893 864/1983/1892 873/1944/1895 874/1980/1896
s off
f 860/1945/1897 865/1946/1898 866/1947/1899 859/1948/1900
f 875/1970/1901 866/1971/1902 865/1981/1903 874/1950/1904
f 861/1951/1905 869/1952/1906 870/1953/1907 862/1954/1908
f 860/1955/1909 868/1956/1910 869/1957/1911 861/1958/1912
f 868/1959/1913 871/1960/1914 867/1961/1915
f 859/1962/1916 871/1963/1917 868/1964/1918 860/1965/1919
f 873/1966/1920 872/1967/1921 870/1968/1922 869/1969/1923
s 1
f 869/1972/1924 868/1973/1925 874/1974/1896 873/1975/1895
s off
f 868/1978/1926 867/1979/1927 875/1977/1928 874/1976/1929
g default
v -511.194153 350.000000 1380.024170
v -494.129242 350.450439 1337.340942
v -494.129211 375.000000 1337.340942
v -494.129089 375.000000 -1133.112671
v -494.129089 350.450409 -1133.112671
v -511.193970 349.999969 -1175.771729
v 511.194092 350.000000 1379.975830
v 494.129211 350.450439 1337.340942
v 494.129211 375.000000 1337.340942
v 494.129089 375.000000 -1133.112671
v 494.129089 350.450409 -1133.112671
v 511.193970 349.999969 -1175.771729
vt 1.514037 0.075860
vt -5.391388 0.075865
vt -5.391297 0.001296
vt 1.514127 0.001291
vt 1.911909 -0.075824
vt 1.911913 -0.001248
vt -3.052546 -0.278913
vt 4.077566 -0.278913
vt 4.200462 -0.328180
vt -3.175962 -0.328180
vt -0.911906 -0.001248
vt -0.274505 -0.096346
vt -3.175916 -0.222348
vt -2.606080 0.075867
vt 0.178208 0.075839
vt 0.178210 0.001279
vt -2.606078 0.001306
vt -3.727607 -0.823305
vt -0.916370 -0.823370
vt -0.962477 -0.940810
vt -3.679868 -0.940875
vt 1.512600 0.075858
vt 1.512679 0.001291
vt -5.392745 0.001296
vt -5.392825 0.075863
vt -3.052893 -0.474926
vt -3.175944 -0.425660
vt 4.200368 -0.425663
vt 4.077247 -0.474930
vt -0.225131 -0.219425
vt -0.911910 -0.075824
vt -3.126784 -0.099171
vn 1.000000 0.000000 0.000000
vn 1.000000 0.000000 0.000000
vn 1.000000 0.000000 0.000000
vn 1.000000 0.000000 0.000000
vn 0.000000 0.000000 1.000000
vn 0.000000 0.000000 1.000000
vn 0.000000 0.000000 1.000000
vn 0.000000 0.000000 1.000000
vn 0.026387 -0.999652 0.000000
vn 0.026387 -0.999652 0.000000
vn 0.006396 -0.999948 0.008000
vn 0.015463 -0.999871 0.004372
vn -0.006396 -0.999948 0.008000
vn -0.015463 -0.999871 0.004372
vn 0.000000 0.000000 -1.000000
vn 0.000000 0.000000 -1.000000
vn 0.000000 0.000000 -1.000000
vn 0.000000 0.000000 -1.000000
vn -0.000000 -0.999944 -0.010559
vn -0.000000 -0.999944 -0.010559
vn -0.000000 -0.999944 -0.010559
vn -0.000000 -0.999944 -0.010559
vn -1.000000 0.000000 0.000000
vn -1.000000 0.000000 0.000000
vn -1.000000 0.000000 0.000000
vn -1.000000 0.000000 0.000000
vn -0.026387 -0.999652 0.000000
vn -0.026387 -0.999652 0.000000
s off
g Map01 Map01_EV_Wall04
usemtl lambert2SG
f 880/1984/1930 879/1987/1931 878/1986/1932 877/1985/1933
f 880/1988/1934 886/2014/1935 885/1994/1936 879/1989/1937
s 1
f 877/1990/1938 876/1993/1939 881/1992/1940 880/1991/1941
f 881/1996/1940 887/2013/1942 886/1995/1943 880/2015/1941
s off
f 877/1997/1944 878/2000/1945 884/1999/1946 883/1998/1947
f 876/2001/1948 877/2004/1949 883/2003/1950 882/2002/1951
f 886/2005/1952 883/2008/1953 884/2007/1954 885/2006/1955
s 1
f 883/2009/1956 886/2012/1943 887/2011/1942 882/2010/1957
g default
v -0.011963 0.000000 -610.000000
v -511.194031 0.000000 -610.000000
v -0.011963 0.000000 385.000000
v -511.194031 0.000000 385.000000
v 511.170105 0.000000 -610.000000
v 511.170105 0.000000 385.000000
v -0.011963 0.000000 1380.000000
v 511.170105 0.000000 1380.000000
v -511.194031 0.000000 1380.000000
v -0.011963 0.000000 -1175.771729
v 511.170105 0.000000 -1175.771729
v -511.194031 0.000000 -1175.771729
vt 0.000009 -0.638211
vt 0.999991 -0.638211
vt 0.000009 1.318004
vt 0.999991 1.318004
vt 0.999991 1.318004
vt 0.999991 -0.638211
vt 0.000009 -0.638211
vt 0.000009 1.318004
vt 0.999991 1.318004
vt 0.000009 1.318004
vt 0.000009 -0.638211
vt 0.999991 -0.638211
vt 0.999991 1.318004
vt 0.999991 -0.638211
vt 0.000009 -0.638211
vt 0.000009 1.318004
vt 0.999991 1.318004
vt 0.999991 0.205671
vt 0.000009 0.205671
vt 0.000009 1.318004
vt 0.999991 1.318004
vt 0.000009 1.318004
vt 0.000009 0.205671
vt 0.999991 0.205671
vn 0.000000 1.000000 0.000000
vn 0.000000 1.000000 0.000000
vn 0.000000 1.000000 0.000000
vn 0.000000 1.000000 0.000000
vn 0.000000 1.000000 0.000000
vn 0.000000 1.000000 0.000000
vn 0.000000 1.000000 0.000000
vn 0.000000 1.000000 0.000000
vn 0.000000 1.000000 0.000000
vn 0.000000 1.000000 0.000000
vn 0.000000 1.000000 0.000000
vn 0.000000 1.000000 0.000000
vn 0.000000 1.000000 0.000000
vn 0.000000 1.000000 0.000000
vn 0.000000 1.000000 0.000000
vn 0.000000 1.000000 0.000000
vn 0.000000 1.000000 0.000000
vn 0.000000 1.000000 0.000000
vn 0.000000 1.000000 0.000000
vn 0.000000 1.000000 0.000000
vn 0.000000 1.000000 0.000000
vn 0.000000 1.000000 0.000000
vn 0.000000 1.000000 0.000000
vn 0.000000 1.000000 0.000000
s off
g Map01 EV_Floor05
usemtl T_EV_Floor01SG
f 891/2019/1958 890/2018/1959 888/2016/1960 889/2017/1961
f 893/2020/1962 892/2021/1963 888/2022/1964 890/2023/1965
f 893/2024/1966 890/2025/1967 894/2026/1968 895/2027/1969
f 891/2028/1970 896/2029/1971 894/2030/1972 890/2031/1973
f 892/2032/1974 898/2033/1975 897/2034/1976 888/2035/1977
f 889/2036/1978 888/2037/1979 897/2038/1980 899/2039/1981
g default
v -494.129213 375.000000 1337.341064
v 494.129088 375.000000 1337.341064
v -494.129213 375.000000 -1133.112671
v 494.129088 375.000000 -1133.112671
vt -0.634008 3.384801
vt 1.634008 3.384801
vt -0.634008 -2.284801
vt 1.634008 -2.284801
vn 0.000000 -1.000000 0.000000
vn 0.000000 -1.000000 0.000000
vn 0.000000 -1.000000 0.000000
vn 0.000000 -1.000000 0.000000
s off
g Map01 EV_Ceil Ceil
usemtl T_EV_CeilSG
f 903/2043/1982 901/2041/1983 900/2040/1984 902/2042/1985
g default
v -494.129211 360.000000 20.000000
v 494.129089 360.000000 20.000000
v -494.129211 360.000000 -30.000000
v 494.129089 360.000000 -30.000000
v -494.129211 376.549316 20.000000
v 494.129089 376.549316 20.000000
v -494.129211 376.549316 -30.000000
v 494.129089 376.549316 -30.000000
vt -2.163292 -2.380548
vt -2.046692 -2.380548
vt -2.046692 -0.075932
vt -2.163292 -0.075932
vt -0.022201 -0.075931
vt -0.022201 -2.380548
vt 0.016392 -2.380548
vt 0.016392 -0.075931
vt 0.088563 -2.380548
vt 0.088563 -0.075932
vt 0.049970 -0.075932
vt 0.049970 -2.380548
vn 0.000000 -1.000000 0.000000
vn 0.000000 -1.000000 0.000000
vn 0.000000 -1.000000 0.000000
vn 0.000000 -1.000000 0.000000
vn 0.000000 0.000000 1.000000
vn 0.000000 0.000000 1.000000
vn 0.000000 0.000000 1.000000
vn 0.000000 0.000000 1.000000
vn 0.000000 0.000000 -1.000000
vn 0.000000 0.000000 -1.000000
vn 0.000000 0.000000 -1.000000
vn 0.000000 0.000000 -1.000000
s off
g Map01 Ceil EV_Ceil03
usemtl T_EV_CeilSG
f 907/2044/1986 905/2045/1987 904/2046/1988 906/2047/1989
f 904/2048/1990 905/2049/1991 909/2050/1992 908/2051/1993
f 907/2052/1994 906/2053/1995 910/2054/1996 911/2055/1997
g default
v 20.000029 362.000000 1337.340849
v 20.000029 362.000000 -1133.112764
v -29.999971 362.000000 1337.340849
v -29.999971 362.000000 -1133.112764
v 20.000029 376.549316 1337.340849
v 20.000029 376.549316 -1133.112764
v -29.999971 376.549316 1337.340849
v -29.999971 376.549316 -1133.112764
vt -2.315654 -2.380548
vt -2.199055 -2.380548
vt -2.199055 3.380547
vt -2.315654 3.380547
vt -1.289214 3.380545
vt -1.289214 -2.380548
vt -1.255285 -2.380548
vt -1.255285 3.380545
vt -1.183113 -2.380548
vt -1.183113 3.380548
vt -1.217042 3.380548
vt -1.217042 -2.380548
vn 0.000000 -1.000000 0.000000
vn 0.000000 -1.000000 0.000000
vn 0.000000 -1.000000 0.000000
vn 0.000000 -1.000000 0.000000
vn 1.000000 0.000000 0.000000
vn 1.000000 0.000000 0.000000
vn 1.000000 0.000000 0.000000
vn 1.000000 0.000000 0.000000
vn -1.000000 0.000000 -0.000000
vn -1.000000 0.000000 -0.000000
vn -1.000000 0.000000 -0.000000
vn -1.000000 0.000000 -0.000000
s off
g Map01 Ceil EV_Ceil04
usemtl T_EV_CeilSG
f 915/2056/1998 913/2057/1999 912/2058/2000 914/2059/2001
f 912/2060/2002 913/2061/2003 917/2062/2004 916/2063/2005
f 915/2064/2006 914/2065/2007 918/2066/2008 919/2067/2009
g default
v 105.999939 368.000000 1337.340820
v 105.999939 368.000000 -1133.112793
v 90.999939 368.000000 1337.340820
v 90.999939 368.000000 -1133.112793
v 105.999939 376.549316 1337.340820
v 105.999939 376.549316 -1133.112793
v 90.999939 376.549316 1337.340820
v 90.999939 376.549316 -1133.112793
vt -1.577900 -2.380548
vt -1.542920 -2.380548
vt -1.542920 3.380547
vt -1.577900 3.380547
vt -0.190602 3.380547
vt -0.190602 -2.380548
vt -0.170665 -2.380548
vt -0.170665 3.380547
vt -0.956533 -2.380548
vt -0.956533 3.380549
vt -0.976470 3.380549
vt -0.976470 -2.380548
vn 0.000000 -1.000000 0.000000
vn 0.000000 -1.000000 0.000000
vn 0.000000 -1.000000 0.000000
vn 0.000000 -1.000000 0.000000
vn 1.000000 0.000000 0.000000
vn 1.000000 0.000000 0.000000
vn 1.000000 0.000000 0.000000
vn 1.000000 0.000000 0.000000
vn -1.000000 0.000000 0.000000
vn -1.000000 0.000000 0.000000
vn -1.000000 0.000000 0.000000
vn -1.000000 0.000000 0.000000
s off
g Map01 Ceil EV_Ceil05
usemtl T_EV_CeilSG
f 923/2068/2010 921/2069/2011 920/2070/2012 922/2071/2013
f 920/2072/2014 921/2073/2015 925/2074/2016 924/2075/2017
f 923/2076/2018 922/2077/2019 926/2078/2020 927/2079/2021
g default
v 205.999939 368.000000 1337.340820
v 205.999939 368.000000 -1133.112793
v 190.999939 368.000000 1337.340820
v 190.999939 368.000000 -1133.112793
v 205.999939 376.549316 1337.340820
v 205.999939 376.549316 -1133.112793
v 190.999939 376.549316 1337.340820
v 190.999939 376.549316 -1133.112793
vt -1.505728 -2.380548
vt -1.470749 -2.380548
vt -1.470749 3.380547
vt -1.505728 3.380547
vt -0.302869 3.380547
vt -0.302869 -2.380548
vt -0.282932 -2.380548
vt -0.282932 3.380547
vt -0.844266 -2.380548
vt -0.844266 3.380549
vt -0.864203 3.380549
vt -0.864203 -2.380548
vn 0.000000 -1.000000 0.000000
vn 0.000000 -1.000000 0.000000
vn 0.000000 -1.000000 0.000000
vn 0.000000 -1.000000 0.000000
vn 1.000000 0.000000 0.000000
vn 1.000000 0.000000 0.000000
vn 1.000000 0.000000 0.000000
vn 1.000000 0.000000 0.000000
vn -1.000000 0.000000 0.000000
vn -1.000000 0.000000 0.000000
vn -1.000000 0.000000 0.000000
vn -1.000000 0.000000 0.000000
s off
g Map01 Ceil EV_Ceil06
usemtl T_EV_CeilSG
f 931/2080/2022 929/2081/2023 928/2082/2024 930/2083/2025
f 928/2084/2026 929/2085/2027 933/2086/2028 932/2087/2029
f 931/2088/2030 930/2089/2031 934/2090/2032 935/2091/2033
g default
v 305.999939 368.000000 1337.340820
v 305.999939 368.000000 -1133.112793
v 290.999939 368.000000 1337.340820
v 290.999939 368.000000 -1133.112793
v 305.999939 376.549316 1337.340820
v 305.999939 376.549316 -1133.112793
v 290.999939 376.549316 1337.340820
v 290.999939 376.549316 -1133.112793
vt -1.361385 -2.380548
vt -1.326405 -2.380548
vt -1.326405 3.380547
vt -1.361385 3.380547
vt -0.246735 3.380547
vt -0.246735 -2.380548
vt -0.226798 -2.380548
vt -0.226798 3.380547
vt -1.012667 -2.380548
vt -1.012667 3.380549
vt -1.032604 3.380549
vt -1.032604 -2.380548
vn 0.000000 -1.000000 0.000000
vn 0.000000 -1.000000 0.000000
vn 0.000000 -1.000000 0.000000
vn 0.000000 -1.000000 0.000000
vn 1.000000 0.000000 0.000000
vn 1.000000 0.000000 0.000000
vn 1.000000 0.000000 0.000000
vn 1.000000 0.000000 0.000000
vn -1.000000 0.000000 0.000000
vn -1.000000 0.000000 0.000000
vn -1.000000 0.000000 0.000000
vn -1.000000 0.000000 0.000000
s off
g Map01 Ceil EV_Ceil07
usemtl T_EV_CeilSG
f 939/2092/2034 937/2093/2035 936/2094/2036 938/2095/2037
f 936/2096/2038 937/2097/2039 941/2098/2040 940/2099/2041
f 939/2100/2042 938/2101/2043 942/2102/2044 943/2103/2045
g default
v 405.999939 368.000000 1337.340820
v 405.999939 368.000000 -1133.112793
v 390.999939 368.000000 1337.340820
v 390.999939 368.000000 -1133.112793
v 405.999939 376.549316 1337.340820
v 405.999939 376.549316 -1133.112793
v 390.999939 376.549316 1337.340820
v 390.999939 376.549316 -1133.112793
vt -1.650072 -2.380548
vt -1.615092 -2.380548
vt -1.615092 3.380547
vt -1.650072 3.380547
vt -0.134468 3.380547
vt -0.134468 -2.380548
vt -0.114531 -2.380548
vt -0.114531 3.380547
vt -0.619732 -2.380548
vt -0.619732 3.380549
vt -0.639669 3.380549
vt -0.639669 -2.380548
vn 0.000000 -1.000000 0.000000
vn 0.000000 -1.000000 0.000000
vn 0.000000 -1.000000 0.000000
vn 0.000000 -1.000000 0.000000
vn 1.000000 0.000000 0.000000
vn 1.000000 0.000000 0.000000
vn 1.000000 0.000000 0.000000
vn 1.000000 0.000000 0.000000
vn -1.000000 0.000000 0.000000
vn -1.000000 0.000000 0.000000
vn -1.000000 0.000000 0.000000
vn -1.000000 0.000000 0.000000
s off
g Map01 Ceil EV_Ceil08
usemtl T_EV_CeilSG
f 947/2104/2046 945/2105/2047 944/2106/2048 946/2107/2049
f 944/2108/2050 945/2109/2051 949/2110/2052 948/2111/2053
f 947/2112/2054 946/2113/2055 950/2114/2056 951/2115/2057
g default
v 505.999939 368.000000 1337.340820
v 505.999939 368.000000 -1133.112793
v 490.999939 368.000000 1337.340820
v 490.999939 368.000000 -1133.112793
v 505.999939 376.549316 1337.340820
v 505.999939 376.549316 -1133.112793
v 490.999939 376.549316 1337.340820
v 490.999939 376.549316 -1133.112793
vt -1.433557 -2.380548
vt -1.398577 -2.380548
vt -1.398577 3.380547
vt -1.433557 3.380547
vt -0.078335 3.380547
vt -0.078335 -2.380548
vt -0.058398 -2.380548
vt -0.058398 3.380547
vt -1.068800 -2.380548
vt -1.068800 3.380549
vt -1.088737 3.380549
vt -1.088737 -2.380548
vn 0.000000 -1.000000 0.000000
vn 0.000000 -1.000000 0.000000
vn 0.000000 -1.000000 0.000000
vn 0.000000 -1.000000 0.000000
vn 1.000000 0.000000 0.000000
vn 1.000000 0.000000 0.000000
vn 1.000000 0.000000 0.000000
vn 1.000000 0.000000 0.000000
vn -1.000000 0.000000 0.000000
vn -1.000000 0.000000 0.000000
vn -1.000000 0.000000 0.000000
vn -1.000000 0.000000 0.000000
s off
g Map01 Ceil EV_Ceil09
usemtl T_EV_CeilSG
f 955/2116/2058 953/2117/2059 952/2118/2060 954/2119/2061
f 952/2120/2062 953/2121/2063 957/2122/2064 956/2123/2065
f 955/2124/2066 954/2125/2067 958/2126/2068 959/2127/2069
g default
v -505.999939 368.000000 1337.340820
v -505.999939 368.000000 -1133.112793
v -490.999939 368.000000 1337.340820
v -490.999939 368.000000 -1133.112793
v -505.999939 376.549316 1337.340820
v -505.999939 376.549316 -1133.112793
v -490.999939 376.549316 1337.340820
v -490.999939 376.549316 -1133.112793
vt -1.975950 -2.380549
vt -2.010930 -2.380549
vt -2.010930 3.380547
vt -1.975950 3.380547
vt -0.451332 3.380546
vt -0.451332 -2.380548
vt -0.471269 -2.380548
vt -0.471269 3.380546
vt -0.920337 -2.380548
vt -0.920337 3.380547
vt -0.900400 3.380547
vt -0.900400 -2.380548
vn 0.000000 -1.000000 0.000000
vn 0.000000 -1.000000 0.000000
vn 0.000000 -1.000000 0.000000
vn 0.000000 -1.000000 0.000000
vn -1.000000 0.000000 0.000000
vn -1.000000 0.000000 0.000000
vn -1.000000 0.000000 0.000000
vn -1.000000 0.000000 0.000000
vn 1.000000 0.000000 0.000000
vn 1.000000 0.000000 0.000000
vn 1.000000 0.000000 0.000000
vn 1.000000 0.000000 0.000000
s off
g Map01 Ceil EV_Ceil10
usemtl T_EV_CeilSG
f 963/2128/2070 962/2131/2071 960/2130/2072 961/2129/2073
f 960/2132/2074 964/2135/2075 965/2134/2076 961/2133/2077
f 963/2136/2078 967/2139/2079 966/2138/2080 962/2137/2081
g default
v -405.999939 368.000000 1337.340820
v -405.999939 368.000000 -1133.112793
v -390.999939 368.000000 1337.340820
v -390.999939 368.000000 -1133.112793
v -405.999939 376.549316 1337.340820
v -405.999939 376.549316 -1133.112793
v -390.999939 376.549316 1337.340820
v -390.999939 376.549316 -1133.112793
vt -1.759435 -2.380549
vt -1.794415 -2.380549
vt -1.794415 3.380547
vt -1.759435 3.380547
vt -0.507466 3.380546
vt -0.507466 -2.380548
vt -0.527403 -2.380548
vt -0.527403 3.380546
vt -0.808070 -2.380548
vt -0.808070 3.380547
vt -0.788133 3.380547
vt -0.788133 -2.380548
vn 0.000000 -1.000000 0.000000
vn 0.000000 -1.000000 0.000000
vn 0.000000 -1.000000 0.000000
vn 0.000000 -1.000000 0.000000
vn -1.000000 0.000000 0.000000
vn -1.000000 0.000000 0.000000
vn -1.000000 0.000000 0.000000
vn -1.000000 0.000000 0.000000
vn 1.000000 0.000000 0.000000
vn 1.000000 0.000000 0.000000
vn 1.000000 0.000000 0.000000
vn 1.000000 0.000000 0.000000
s off
g Map01 Ceil EV_Ceil11
usemtl T_EV_CeilSG
f 971/2140/2082 970/2143/2083 968/2142/2084 969/2141/2085
f 968/2144/2086 972/2147/2087 973/2146/2088 969/2145/2089
f 971/2148/2090 975/2151/2091 974/2150/2092 970/2149/2093
g default
v -305.999939 368.000000 1337.340820
v -305.999939 368.000000 -1133.112793
v -290.999939 368.000000 1337.340820
v -290.999939 368.000000 -1133.112793
v -305.999939 376.549316 1337.340820
v -305.999939 376.549316 -1133.112793
v -290.999939 376.549316 1337.340820
v -290.999939 376.549316 -1133.112793
vt -1.831607 -2.380549
vt -1.866587 -2.380549
vt -1.866587 3.380547
vt -1.831607 3.380547
vt -0.339065 3.380546
vt -0.339065 -2.380548
vt -0.359002 -2.380548
vt -0.359002 3.380546
vt -0.695803 -2.380548
vt -0.695803 3.380547
vt -0.675866 3.380547
vt -0.675866 -2.380548
vn 0.000000 -1.000000 0.000000
vn 0.000000 -1.000000 0.000000
vn 0.000000 -1.000000 0.000000
vn 0.000000 -1.000000 0.000000
vn -1.000000 0.000000 0.000000
vn -1.000000 0.000000 0.000000
vn -1.000000 0.000000 0.000000
vn -1.000000 0.000000 0.000000
vn 1.000000 0.000000 0.000000
vn 1.000000 0.000000 0.000000
vn 1.000000 0.000000 0.000000
vn 1.000000 0.000000 0.000000
s off
g Map01 Ceil EV_Ceil12
usemtl T_EV_CeilSG
f 979/2152/2094 978/2155/2095 976/2154/2096 977/2153/2097
f 976/2156/2098 980/2159/2099 981/2158/2100 977/2157/2101
f 979/2160/2102 983/2163/2103 982/2162/2104 978/2161/2105
g default
v -205.999939 368.000000 1337.340820
v -205.999939 368.000000 -1133.112793
v -190.999939 368.000000 1337.340820
v -190.999939 368.000000 -1133.112793
v -205.999939 376.549316 1337.340820
v -205.999939 376.549316 -1133.112793
v -190.999939 376.549316 1337.340820
v -190.999939 376.549316 -1133.112793
vt -1.687263 -2.380549
vt -1.722243 -2.380549
vt -1.722243 3.380547
vt -1.687263 3.380547
vt -0.563599 3.380546
vt -0.563599 -2.380548
vt -0.583536 -2.380548
vt -0.583536 3.380546
vt -1.144871 -2.380548
vt -1.144871 3.380547
vt -1.124933 3.380547
vt -1.124933 -2.380548
vn 0.000000 -1.000000 0.000000
vn 0.000000 -1.000000 0.000000
vn 0.000000 -1.000000 0.000000
vn 0.000000 -1.000000 0.000000
vn -1.000000 0.000000 0.000000
vn -1.000000 0.000000 0.000000
vn -1.000000 0.000000 0.000000
vn -1.000000 0.000000 0.000000
vn 1.000000 0.000000 0.000000
vn 1.000000 0.000000 0.000000
vn 1.000000 0.000000 0.000000
vn 1.000000 0.000000 0.000000
s off
g Map01 Ceil EV_Ceil13
usemtl T_EV_CeilSG
f 987/2164/2106 986/2167/2107 984/2166/2108 985/2165/2109
f 984/2168/2110 988/2171/2111 989/2170/2112 985/2169/2113
f 987/2172/2114 991/2175/2115 990/2174/2116 986/2173/2117
g default
v -105.999939 368.000000 1337.340820
v -105.999939 368.000000 -1133.112793
v -90.999939 368.000000 1337.340820
v -90.999939 368.000000 -1133.112793
v -105.999939 376.549316 1337.340820
v -105.999939 376.549316 -1133.112793
v -90.999939 376.549316 1337.340820
v -90.999939 376.549316 -1133.112793
vt -1.903778 -2.380549
vt -1.938758 -2.380549
vt -1.938758 3.380547
vt -1.903778 3.380547
vt -0.395199 3.380546
vt -0.395199 -2.380548
vt -0.415136 -2.380548
vt -0.415136 3.380546
vt -0.751936 -2.380548
vt -0.751936 3.380547
vt -0.731999 3.380547
vt -0.731999 -2.380548
vn 0.000000 -1.000000 0.000000
vn 0.000000 -1.000000 0.000000
vn 0.000000 -1.000000 0.000000
vn 0.000000 -1.000000 0.000000
vn -1.000000 0.000000 0.000000
vn -1.000000 0.000000 0.000000
vn -1.000000 0.000000 0.000000
vn -1.000000 0.000000 0.000000
vn 1.000000 0.000000 0.000000
vn 1.000000 0.000000 0.000000
vn 1.000000 0.000000 0.000000
vn 1.000000 0.000000 0.000000
s off
g Map01 Ceil EV_Ceil14
usemtl T_EV_CeilSG
f 995/2176/2118 994/2179/2119 992/2178/2120 993/2177/2121
f 992/2180/2122 996/2183/2123 997/2182/2124 993/2181/2125
f 995/2184/2126 999/2187/2127 998/2186/2128 994/2185/2129
g default
v -494.129211 370.000000 -96.000000
v 494.129089 370.000000 -96.000000
v -494.129211 370.000000 -106.000000
v 494.129089 370.000000 -106.000000
v -494.129211 376.549316 -96.000000
v 494.129089 376.549316 -96.000000
v -494.129211 376.549316 -106.000000
v 494.129089 376.549316 -106.000000
vt 0.122142 -2.380548
vt 0.145462 -2.380548
vt 0.145462 -0.075932
vt 0.122142 -0.075932
vt 3.033062 -0.075932
vt 3.033062 -2.380548
vt 3.048336 -2.380548
vt 3.048336 -0.075932
vt 1.412446 -2.380548
vt 1.412446 -0.075931
vt 1.397174 -0.075931
vt 1.397174 -2.380548
vn 0.000000 -1.000000 0.000000
vn 0.000000 -1.000000 0.000000
vn 0.000000 -1.000000 0.000000
vn 0.000000 -1.000000 0.000000
vn 0.000000 0.000000 1.000000
vn 0.000000 0.000000 1.000000
vn 0.000000 0.000000 1.000000
vn 0.000000 0.000000 1.000000
vn 0.000000 0.000000 -1.000000
vn 0.000000 0.000000 -1.000000
vn 0.000000 0.000000 -1.000000
vn 0.000000 0.000000 -1.000000
s off
g Map01 Ceil EV_Ceil15
usemtl T_EV_CeilSG
f 1003/2188/2130 1001/2189/2131 1000/2190/2132 1002/2191/2133
f 1000/2192/2134 1001/2193/2135 1005/2194/2136 1004/2195/2137
f 1003/2196/2138 1002/2197/2139 1006/2198/2140 1007/2199/2141
g default
v -494.129211 370.000000 -196.000000
v 494.129089 370.000000 -196.000000
v -494.129211 370.000000 -206.000000
v 494.129089 370.000000 -206.000000
v -494.129211 376.549316 -196.000000
v 494.129089 376.549316 -196.000000
v -494.129211 376.549316 -206.000000
v 494.129089 376.549316 -206.000000
vt 0.234409 -2.380548
vt 0.257729 -2.380548
vt 0.257729 -0.075932
vt 0.234409 -0.075932
vt 2.936834 -0.075932
vt 2.936834 -2.380548
vt 2.952107 -2.380548
vt 2.952107 -0.075932
vt 1.701133 -2.380548
vt 1.701133 -0.075931
vt 1.685860 -0.075931
vt 1.685860 -2.380548
vn 0.000000 -1.000000 0.000000
vn 0.000000 -1.000000 0.000000
vn 0.000000 -1.000000 0.000000
vn 0.000000 -1.000000 0.000000
vn 0.000000 0.000000 1.000000
vn 0.000000 0.000000 1.000000
vn 0.000000 0.000000 1.000000
vn 0.000000 0.000000 1.000000
vn 0.000000 0.000000 -1.000000
vn 0.000000 0.000000 -1.000000
vn 0.000000 0.000000 -1.000000
vn 0.000000 0.000000 -1.000000
s off
g Map01 Ceil EV_Ceil16
usemtl T_EV_CeilSG
f 1011/2200/2142 1009/2201/2143 1008/2202/2144 1010/2203/2145
f 1008/2204/2146 1009/2205/2147 1013/2206/2148 1012/2207/2149
f 1011/2208/2150 1010/2209/2151 1014/2210/2152 1015/2211/2153
g default
v -494.129211 370.000000 -296.000000
v 494.129089 370.000000 -296.000000
v -494.129211 370.000000 -306.000000
v 494.129089 370.000000 -306.000000
v -494.129211 376.549316 -296.000000
v 494.129089 376.549316 -296.000000
v -494.129211 376.549316 -306.000000
v 494.129089 376.549316 -306.000000
vt 0.290542 -2.380548
vt 0.313862 -2.380548
vt 0.313862 -0.075932
vt 0.290542 -0.075932
vt 3.273635 -0.075932
vt 3.273635 -2.380548
vt 3.288908 -2.380548
vt 3.288908 -0.075932
vt 1.604904 -2.380548
vt 1.604904 -0.075931
vt 1.589631 -0.075931
vt 1.589631 -2.380548
vn 0.000000 -1.000000 0.000000
vn 0.000000 -1.000000 0.000000
vn 0.000000 -1.000000 0.000000
vn 0.000000 -1.000000 0.000000
vn 0.000000 0.000000 1.000000
vn 0.000000 0.000000 1.000000
vn 0.000000 0.000000 1.000000
vn 0.000000 0.000000 1.000000
vn 0.000000 0.000000 -1.000000
vn 0.000000 0.000000 -1.000000
vn 0.000000 0.000000 -1.000000
vn 0.000000 0.000000 -1.000000
s off
g Map01 Ceil EV_Ceil17
usemtl T_EV_CeilSG
f 1019/2212/2154 1017/2213/2155 1016/2214/2156 1018/2215/2157
f 1016/2216/2158 1017/2217/2159 1021/2218/2160 1020/2219/2161
f 1019/2220/2162 1018/2221/2163 1022/2222/2164 1023/2223/2165
g default
v -494.129211 370.000000 -396.000000
v 494.129089 370.000000 -396.000000
v -494.129211 370.000000 -406.000000
v 494.129089 370.000000 -406.000000
v -494.129211 376.549316 -396.000000
v 494.129089 376.549316 -396.000000
v -494.129211 376.549316 -406.000000
v 494.129089 376.549316 -406.000000
vt 0.402809 -2.380548
vt 0.426129 -2.380548
vt 0.426129 -0.075932
vt 0.402809 -0.075932
vt 3.177406 -0.075932
vt 3.177406 -2.380548
vt 3.192679 -2.380548
vt 3.192679 -0.075932
vt 1.364332 -2.380548
vt 1.364332 -0.075931
vt 1.349059 -0.075931
vt 1.349059 -2.380548
vn 0.000000 -1.000000 0.000000
vn 0.000000 -1.000000 0.000000
vn 0.000000 -1.000000 0.000000
vn 0.000000 -1.000000 0.000000
vn 0.000000 0.000000 1.000000
vn 0.000000 0.000000 1.000000
vn 0.000000 0.000000 1.000000
vn 0.000000 0.000000 1.000000
vn 0.000000 0.000000 -1.000000
vn 0.000000 0.000000 -1.000000
vn 0.000000 0.000000 -1.000000
vn 0.000000 0.000000 -1.000000
s off
g Map01 Ceil EV_Ceil18
usemtl T_EV_CeilSG
f 1027/2224/2166 1025/2225/2167 1024/2226/2168 1026/2227/2169
f 1024/2228/2170 1025/2229/2171 1029/2230/2172 1028/2231/2173
f 1027/2232/2174 1026/2233/2175 1030/2234/2176 1031/2235/2177
g default
v -494.129211 370.000000 -496.000000
v 494.129089 370.000000 -496.000000
v -494.129211 370.000000 -506.000000
v 494.129089 370.000000 -506.000000
v -494.129211 376.549316 -496.000000
v 494.129089 376.549316 -496.000000
v -494.129211 376.549316 -506.000000
v 494.129089 376.549316 -506.000000
vt 0.458943 -2.380548
vt 0.482263 -2.380548
vt 0.482263 -0.075932
vt 0.458943 -0.075932
vt 3.225521 -0.075932
vt 3.225521 -2.380548
vt 3.240793 -2.380548
vt 3.240793 -0.075932
vt 1.797361 -2.380548
vt 1.797361 -0.075931
vt 1.782088 -0.075931
vt 1.782088 -2.380548
vn 0.000000 -1.000000 0.000000
vn 0.000000 -1.000000 0.000000
vn 0.000000 -1.000000 0.000000
vn 0.000000 -1.000000 0.000000
vn 0.000000 0.000000 1.000000
vn 0.000000 0.000000 1.000000
vn 0.000000 0.000000 1.000000
vn 0.000000 0.000000 1.000000
vn 0.000000 0.000000 -1.000000
vn 0.000000 0.000000 -1.000000
vn 0.000000 0.000000 -1.000000
vn 0.000000 0.000000 -1.000000
s off
g Map01 Ceil EV_Ceil19
usemtl T_EV_CeilSG
f 1035/2236/2178 1033/2237/2179 1032/2238/2180 1034/2239/2181
f 1032/2240/2182 1033/2241/2183 1037/2242/2184 1036/2243/2185
f 1035/2244/2186 1034/2245/2187 1038/2246/2188 1039/2247/2189
g default
v -494.129211 370.000000 -596.000000
v 494.129089 370.000000 -596.000000
v -494.129211 370.000000 -606.000000
v 494.129089 370.000000 -606.000000
v -494.129211 376.549316 -596.000000
v 494.129089 376.549316 -596.000000
v -494.129211 376.549316 -606.000000
v 494.129089 376.549316 -606.000000
vt 0.346676 -2.380548
vt 0.369996 -2.380548
vt 0.369996 -0.075932
vt 0.346676 -0.075932
vt 2.888719 -0.075932
vt 2.888719 -2.380548
vt 2.903993 -2.380548
vt 2.903993 -0.075932
vt 1.508675 -2.380548
vt 1.508675 -0.075931
vt 1.493402 -0.075931
vt 1.493402 -2.380548
vn 0.000000 -1.000000 0.000000
vn 0.000000 -1.000000 0.000000
vn 0.000000 -1.000000 0.000000
vn 0.000000 -1.000000 0.000000
vn 0.000000 0.000000 1.000000
vn 0.000000 0.000000 1.000000
vn 0.000000 0.000000 1.000000
vn 0.000000 0.000000 1.000000
vn 0.000000 0.000000 -1.000000
vn 0.000000 0.000000 -1.000000
vn 0.000000 0.000000 -1.000000
vn 0.000000 0.000000 -1.000000
s off
g Map01 Ceil EV_Ceil20
usemtl T_EV_CeilSG
f 1043/2248/2190 1041/2249/2191 1040/2250/2192 1042/2251/2193
f 1040/2252/2194 1041/2253/2195 1045/2254/2196 1044/2255/2197
f 1043/2256/2198 1042/2257/2199 1046/2258/2200 1047/2259/2201
g default
v -494.129211 370.000000 -696.000000
v 494.129089 370.000000 -696.000000
v -494.129211 370.000000 -706.000000
v 494.129089 370.000000 -706.000000
v -494.129211 376.549316 -696.000000
v 494.129089 376.549316 -696.000000
v -494.129211 376.549316 -706.000000
v 494.129089 376.549316 -706.000000
vt 0.178275 -2.380548
vt 0.201595 -2.380548
vt 0.201595 -0.075932
vt 0.178275 -0.075932
vt 3.081177 -0.075932
vt 3.081177 -2.380548
vt 3.096450 -2.380548
vt 3.096450 -0.075932
vt 1.460561 -2.380548
vt 1.460561 -0.075931
vt 1.445288 -0.075931
vt 1.445288 -2.380548
vn 0.000000 -1.000000 0.000000
vn 0.000000 -1.000000 0.000000
vn 0.000000 -1.000000 0.000000
vn 0.000000 -1.000000 0.000000
vn 0.000000 0.000000 1.000000
vn 0.000000 0.000000 1.000000
vn 0.000000 0.000000 1.000000
vn 0.000000 0.000000 1.000000
vn 0.000000 0.000000 -1.000000
vn 0.000000 0.000000 -1.000000
vn 0.000000 0.000000 -1.000000
vn 0.000000 0.000000 -1.000000
s off
g Map01 Ceil EV_Ceil21
usemtl T_EV_CeilSG
f 1051/2260/2202 1049/2261/2203 1048/2262/2204 1050/2263/2205
f 1048/2264/2206 1049/2265/2207 1053/2266/2208 1052/2267/2209
f 1051/2268/2210 1050/2269/2211 1054/2270/2212 1055/2271/2213
g default
v -494.129211 370.000000 -796.000000
v 494.129089 370.000000 -796.000000
v -494.129211 370.000000 -806.000000
v 494.129089 370.000000 -806.000000
v -494.129211 376.549316 -796.000000
v 494.129089 376.549316 -796.000000
v -494.129211 376.549316 -806.000000
v 494.129089 376.549316 -806.000000
vt 0.515076 -2.380548
vt 0.538396 -2.380548
vt 0.538396 -0.075932
vt 0.515076 -0.075932
vt 2.840605 -0.075932
vt 2.840605 -2.380548
vt 2.855878 -2.380548
vt 2.855878 -0.075932
vt 1.556790 -2.380548
vt 1.556790 -0.075931
vt 1.541516 -0.075931
vt 1.541516 -2.380548
vn 0.000000 -1.000000 0.000000
vn 0.000000 -1.000000 0.000000
vn 0.000000 -1.000000 0.000000
vn 0.000000 -1.000000 0.000000
vn 0.000000 0.000000 1.000000
vn 0.000000 0.000000 1.000000
vn 0.000000 0.000000 1.000000
vn 0.000000 0.000000 1.000000
vn 0.000000 0.000000 -1.000000
vn 0.000000 0.000000 -1.000000
vn 0.000000 0.000000 -1.000000
vn 0.000000 0.000000 -1.000000
s off
g Map01 Ceil EV_Ceil22
usemtl T_EV_CeilSG
f 1059/2272/2214 1057/2273/2215 1056/2274/2216 1058/2275/2217
f 1056/2276/2218 1057/2277/2219 1061/2278/2220 1060/2279/2221
f 1059/2280/2222 1058/2281/2223 1062/2282/2224 1063/2283/2225
g default
v -494.129211 370.000000 -896.000000
v 494.129089 370.000000 -896.000000
v -494.129211 370.000000 -906.000000
v 494.129089 370.000000 -906.000000
v -494.129211 376.549316 -896.000000
v 494.129089 376.549316 -896.000000
v -494.129211 376.549316 -906.000000
v 494.129089 376.549316 -906.000000
vt 0.571209 -2.380548
vt 0.594530 -2.380548
vt 0.594530 -0.075932
vt 0.571209 -0.075932
vt 2.984948 -0.075932
vt 2.984948 -2.380548
vt 3.000221 -2.380548
vt 3.000221 -0.075932
vt 1.653018 -2.380548
vt 1.653018 -0.075931
vt 1.637745 -0.075931
vt 1.637745 -2.380548
vn 0.000000 -1.000000 0.000000
vn 0.000000 -1.000000 0.000000
vn 0.000000 -1.000000 0.000000
vn 0.000000 -1.000000 0.000000
vn 0.000000 0.000000 1.000000
vn 0.000000 0.000000 1.000000
vn 0.000000 0.000000 1.000000
vn 0.000000 0.000000 1.000000
vn 0.000000 0.000000 -1.000000
vn 0.000000 0.000000 -1.000000
vn 0.000000 0.000000 -1.000000
vn 0.000000 0.000000 -1.000000
s off
g Map01 Ceil EV_Ceil23
usemtl T_EV_CeilSG
f 1067/2284/2226 1065/2285/2227 1064/2286/2228 1066/2287/2229
f 1064/2288/2230 1065/2289/2231 1069/2290/2232 1068/2291/2233
f 1067/2292/2234 1066/2293/2235 1070/2294/2236 1071/2295/2237
g default
v -494.129211 370.000000 -996.000000
v 494.129089 370.000000 -996.000000
v -494.129211 370.000000 -1006.000000
v 494.129089 370.000000 -1006.000000
v -494.129211 376.549316 -996.000000
v 494.129089 376.549316 -996.000000
v -494.129211 376.549316 -1006.000000
v 494.129089 376.549316 -1006.000000
vt 0.627343 -2.380548
vt 0.650663 -2.380548
vt 0.650663 -0.075932
vt 0.627343 -0.075932
vt 3.129292 -0.075932
vt 3.129292 -2.380548
vt 3.144564 -2.380548
vt 3.144564 -0.075932
vt 1.749247 -2.380548
vt 1.749247 -0.075931
vt 1.733974 -0.075931
vt 1.733974 -2.380548
vn 0.000000 -1.000000 0.000000
vn 0.000000 -1.000000 0.000000
vn 0.000000 -1.000000 0.000000
vn 0.000000 -1.000000 0.000000
vn 0.000000 0.000000 1.000000
vn 0.000000 0.000000 1.000000
vn 0.000000 0.000000 1.000000
vn 0.000000 0.000000 1.000000
vn 0.000000 0.000000 -1.000000
vn 0.000000 0.000000 -1.000000
vn 0.000000 0.000000 -1.000000
vn 0.000000 0.000000 -1.000000
s off
g Map01 Ceil EV_Ceil24
usemtl T_EV_CeilSG
f 1075/2296/2238 1073/2297/2239 1072/2298/2240 1074/2299/2241
f 1072/2300/2242 1073/2301/2243 1077/2302/2244 1076/2303/2245
f 1075/2304/2246 1074/2305/2247 1078/2306/2248 1079/2307/2249
g default
v -494.129211 370.000000 -1096.000000
v 494.129089 370.000000 -1096.000000
v -494.129211 370.000000 -1106.000000
v 494.129089 370.000000 -1106.000000
v -494.129211 376.549316 -1096.000000
v 494.129089 376.549316 -1096.000000
v -494.129211 376.549316 -1106.000000
v 494.129089 376.549316 -1106.000000
vt 0.683477 -2.380548
vt 0.706796 -2.380548
vt 0.706796 -0.075932
vt 0.683477 -0.075932
vt 2.792491 -0.075932
vt 2.792491 -2.380548
vt 2.807764 -2.380548
vt 2.807764 -0.075932
vt 1.316217 -2.380548
vt 1.316217 -0.075931
vt 1.300944 -0.075931
vt 1.300944 -2.380548
vn 0.000000 -1.000000 0.000000
vn 0.000000 -1.000000 0.000000
vn 0.000000 -1.000000 0.000000
vn 0.000000 -1.000000 0.000000
vn 0.000000 0.000000 1.000000
vn 0.000000 0.000000 1.000000
vn 0.000000 0.000000 1.000000
vn 0.000000 0.000000 1.000000
vn 0.000000 0.000000 -1.000000
vn 0.000000 0.000000 -1.000000
vn 0.000000 0.000000 -1.000000
vn 0.000000 0.000000 -1.000000
s off
g Map01 Ceil EV_Ceil25
usemtl T_EV_CeilSG
f 1083/2308/2250 1081/2309/2251 1080/2310/2252 1082/2311/2253
f 1080/2312/2254 1081/2313/2255 1085/2314/2256 1084/2315/2257
f 1083/2316/2258 1082/2317/2259 1086/2318/2260 1087/2319/2261
g default
v -494.129211 370.000000 1096.000000
v 494.129089 370.000000 1096.000000
v -494.129211 370.000000 1106.000000
v 494.129089 370.000000 1106.000000
v -494.129211 376.549316 1096.000000
v 494.129089 376.549316 1096.000000
v -494.129211 376.549316 1106.000000
v 494.129089 376.549316 1106.000000
vt 0.762930 -2.380549
vt 0.739610 -2.380549
vt 0.739610 -0.075931
vt 0.762930 -0.075931
vt 1.845476 -0.075932
vt 1.845476 -2.380548
vt 1.830203 -2.380548
vt 1.830203 -0.075932
vt 2.696262 -2.380548
vt 2.696262 -0.075932
vt 2.711535 -0.075932
vt 2.711535 -2.380548
vn 0.000000 -1.000000 0.000000
vn 0.000000 -1.000000 0.000000
vn 0.000000 -1.000000 0.000000
vn 0.000000 -1.000000 0.000000
vn 0.000000 0.000000 -1.000000
vn 0.000000 0.000000 -1.000000
vn 0.000000 0.000000 -1.000000
vn 0.000000 0.000000 -1.000000
vn 0.000000 0.000000 1.000000
vn 0.000000 0.000000 1.000000
vn 0.000000 0.000000 1.000000
vn 0.000000 0.000000 1.000000
s off
g Map01 Ceil EV_Ceil26
usemtl T_EV_CeilSG
f 1091/2320/2262 1090/2323/2263 1088/2322/2264 1089/2321/2265
f 1088/2324/2266 1092/2327/2267 1093/2326/2268 1089/2325/2269
f 1091/2328/2270 1095/2331/2271 1094/2330/2272 1090/2329/2273
g default
v -494.129211 370.000000 996.000000
v 494.129089 370.000000 996.000000
v -494.129211 370.000000 1006.000000
v 494.129089 370.000000 1006.000000
v -494.129211 376.549316 996.000000
v 494.129089 376.549316 996.000000
v -494.129211 376.549316 1006.000000
v 494.129089 376.549316 1006.000000
vt 0.875197 -2.380549
vt 0.851877 -2.380549
vt 0.851877 -0.075931
vt 0.875197 -0.075931
vt 1.941705 -0.075932
vt 1.941705 -2.380548
vt 1.926432 -2.380548
vt 1.926432 -0.075932
vt 2.503804 -2.380548
vt 2.503804 -0.075932
vt 2.519077 -0.075932
vt 2.519077 -2.380548
vn 0.000000 -1.000000 0.000000
vn 0.000000 -1.000000 0.000000
vn 0.000000 -1.000000 0.000000
vn 0.000000 -1.000000 0.000000
vn 0.000000 0.000000 -1.000000
vn 0.000000 0.000000 -1.000000
vn 0.000000 0.000000 -1.000000
vn 0.000000 0.000000 -1.000000
vn 0.000000 0.000000 1.000000
vn 0.000000 0.000000 1.000000
vn 0.000000 0.000000 1.000000
vn 0.000000 0.000000 1.000000
s off
g Map01 Ceil EV_Ceil27
usemtl T_EV_CeilSG
f 1099/2332/2274 1098/2335/2275 1096/2334/2276 1097/2333/2277
f 1096/2336/2278 1100/2339/2279 1101/2338/2280 1097/2337/2281
f 1099/2340/2282 1103/2343/2283 1102/2342/2284 1098/2341/2285
g default
v -494.129211 370.000000 896.000000
v 494.129089 370.000000 896.000000
v -494.129211 370.000000 906.000000
v 494.129089 370.000000 906.000000
v -494.129211 376.549316 896.000000
v 494.129089 376.549316 896.000000
v -494.129211 376.549316 906.000000
v 494.129089 376.549316 906.000000
vt 0.931330 -2.380549
vt 0.908010 -2.380549
vt 0.908010 -0.075931
vt 0.931330 -0.075931
vt 2.134162 -0.075932
vt 2.134162 -2.380548
vt 2.118889 -2.380548
vt 2.118889 -0.075932
vt 2.359461 -2.380548
vt 2.359461 -0.075932
vt 2.374734 -0.075932
vt 2.374734 -2.380548
vn 0.000000 -1.000000 0.000000
vn 0.000000 -1.000000 0.000000
vn 0.000000 -1.000000 0.000000
vn 0.000000 -1.000000 0.000000
vn 0.000000 0.000000 -1.000000
vn 0.000000 0.000000 -1.000000
vn 0.000000 0.000000 -1.000000
vn 0.000000 0.000000 -1.000000
vn 0.000000 0.000000 1.000000
vn 0.000000 0.000000 1.000000
vn 0.000000 0.000000 1.000000
vn 0.000000 0.000000 1.000000
s off
g Map01 Ceil EV_Ceil28
usemtl T_EV_CeilSG
f 1107/2344/2286 1106/2347/2287 1104/2346/2288 1105/2345/2289
f 1104/2348/2290 1108/2351/2291 1109/2350/2292 1105/2349/2293
f 1107/2352/2294 1111/2355/2295 1110/2354/2296 1106/2353/2297
g default
v -494.129211 370.000000 796.000000
v 494.129089 370.000000 796.000000
v -494.129211 370.000000 806.000000
v 494.129089 370.000000 806.000000
v -494.129211 376.549316 796.000000
v 494.129089 376.549316 796.000000
v -494.129211 376.549316 806.000000
v 494.129089 376.549316 806.000000
vt 0.987464 -2.380549
vt 0.964144 -2.380549
vt 0.964144 -0.075931
vt 0.987464 -0.075931
vt 2.037933 -0.075932
vt 2.037933 -2.380548
vt 2.022660 -2.380548
vt 2.022660 -0.075932
vt 2.648148 -2.380548
vt 2.648148 -0.075932
vt 2.663420 -0.075932
vt 2.663420 -2.380548
vn 0.000000 -1.000000 0.000000
vn 0.000000 -1.000000 0.000000
vn 0.000000 -1.000000 0.000000
vn 0.000000 -1.000000 0.000000
vn 0.000000 0.000000 -1.000000
vn 0.000000 0.000000 -1.000000
vn 0.000000 0.000000 -1.000000
vn 0.000000 0.000000 -1.000000
vn 0.000000 0.000000 1.000000
vn 0.000000 0.000000 1.000000
vn 0.000000 0.000000 1.000000
vn 0.000000 0.000000 1.000000
s off
g Map01 Ceil EV_Ceil29
usemtl T_EV_CeilSG
f 1115/2356/2298 1114/2359/2299 1112/2358/2300 1113/2357/2301
f 1112/2360/2302 1116/2363/2303 1117/2362/2304 1113/2361/2305
f 1115/2364/2306 1119/2367/2307 1118/2366/2308 1114/2365/2309
g default
v -494.129211 370.000000 696.000000
v 494.129089 370.000000 696.000000
v -494.129211 370.000000 706.000000
v 494.129089 370.000000 706.000000
v -494.129211 376.549316 696.000000
v 494.129089 376.549316 696.000000
v -494.129211 376.549316 706.000000
v 494.129089 376.549316 706.000000
vt 1.043597 -2.380549
vt 1.020277 -2.380549
vt 1.020277 -0.075931
vt 1.043597 -0.075931
vt 2.230391 -0.075932
vt 2.230391 -2.380548
vt 2.215118 -2.380548
vt 2.215118 -0.075932
vt 2.407575 -2.380548
vt 2.407575 -0.075932
vt 2.422848 -0.075932
vt 2.422848 -2.380548
vn 0.000000 -1.000000 0.000000
vn 0.000000 -1.000000 0.000000
vn 0.000000 -1.000000 0.000000
vn 0.000000 -1.000000 0.000000
vn 0.000000 0.000000 -1.000000
vn 0.000000 0.000000 -1.000000
vn 0.000000 0.000000 -1.000000
vn 0.000000 0.000000 -1.000000
vn 0.000000 0.000000 1.000000
vn 0.000000 0.000000 1.000000
vn 0.000000 0.000000 1.000000
vn 0.000000 0.000000 1.000000
s off
g Map01 Ceil EV_Ceil30
usemtl T_EV_CeilSG
f 1123/2368/2310 1122/2371/2311 1120/2370/2312 1121/2369/2313
f 1120/2372/2314 1124/2375/2315 1125/2374/2316 1121/2373/2317
f 1123/2376/2318 1127/2379/2319 1126/2378/2320 1122/2377/2321
g default
v -494.129211 370.000000 596.000000
v 494.129089 370.000000 596.000000
v -494.129211 370.000000 606.000000
v 494.129089 370.000000 606.000000
v -494.129211 376.549316 596.000000
v 494.129089 376.549316 596.000000
v -494.129211 376.549316 606.000000
v 494.129089 376.549316 606.000000
vt 0.819063 -2.380549
vt 0.795743 -2.380549
vt 0.795743 -0.075931
vt 0.819063 -0.075931
vt 1.893590 -0.075932
vt 1.893590 -2.380548
vt 1.878317 -2.380548
vt 1.878317 -0.075932
vt 2.551919 -2.380548
vt 2.551919 -0.075932
vt 2.567192 -0.075932
vt 2.567192 -2.380548
vn 0.000000 -1.000000 0.000000
vn 0.000000 -1.000000 0.000000
vn 0.000000 -1.000000 0.000000
vn 0.000000 -1.000000 0.000000
vn 0.000000 0.000000 -1.000000
vn 0.000000 0.000000 -1.000000
vn 0.000000 0.000000 -1.000000
vn 0.000000 0.000000 -1.000000
vn 0.000000 0.000000 1.000000
vn 0.000000 0.000000 1.000000
vn 0.000000 0.000000 1.000000
vn 0.000000 0.000000 1.000000
s off
g Map01 Ceil EV_Ceil31
usemtl T_EV_CeilSG
f 1131/2380/2322 1130/2383/2323 1128/2382/2324 1129/2381/2325
f 1128/2384/2326 1132/2387/2327 1133/2386/2328 1129/2385/2329
f 1131/2388/2330 1135/2391/2331 1134/2390/2332 1130/2389/2333
g default
v -494.129211 370.000000 496.000000
v 494.129089 370.000000 496.000000
v -494.129211 370.000000 506.000000
v 494.129089 370.000000 506.000000
v -494.129211 376.549316 496.000000
v 494.129089 376.549316 496.000000
v -494.129211 376.549316 506.000000
v 494.129089 376.549316 506.000000
vt 1.099730 -2.380549
vt 1.076411 -2.380549
vt 1.076411 -0.075931
vt 1.099730 -0.075931
vt 1.989819 -0.075932
vt 1.989819 -2.380548
vt 1.974546 -2.380548
vt 1.974546 -0.075932
vt 2.311347 -2.380548
vt 2.311347 -0.075932
vt 2.326620 -0.075932
vt 2.326620 -2.380548
vn 0.000000 -1.000000 0.000000
vn 0.000000 -1.000000 0.000000
vn 0.000000 -1.000000 0.000000
vn 0.000000 -1.000000 0.000000
vn 0.000000 0.000000 -1.000000
vn 0.000000 0.000000 -1.000000
vn 0.000000 0.000000 -1.000000
vn 0.000000 0.000000 -1.000000
vn 0.000000 0.000000 1.000000
vn 0.000000 0.000000 1.000000
vn 0.000000 0.000000 1.000000
vn 0.000000 0.000000 1.000000
s off
g Map01 Ceil EV_Ceil32
usemtl T_EV_CeilSG
f 1139/2392/2334 1138/2395/2335 1136/2394/2336 1137/2393/2337
f 1136/2396/2338 1140/2399/2339 1141/2398/2340 1137/2397/2341
f 1139/2400/2342 1143/2403/2343 1142/2402/2344 1138/2401/2345
g default
v -494.129211 370.000000 396.000000
v 494.129089 370.000000 396.000000
v -494.129211 370.000000 406.000000
v 494.129089 370.000000 406.000000
v -494.129211 376.549316 396.000000
v 494.129089 376.549316 396.000000
v -494.129211 376.549316 406.000000
v 494.129089 376.549316 406.000000
vt 1.155864 -2.380549
vt 1.132544 -2.380549
vt 1.132544 -0.075931
vt 1.155864 -0.075931
vt 2.086048 -0.075932
vt 2.086048 -2.380548
vt 2.070775 -2.380548
vt 2.070775 -0.075932
vt 2.455690 -2.380548
vt 2.455690 -0.075932
vt 2.470963 -0.075932
vt 2.470963 -2.380548
vn 0.000000 -1.000000 0.000000
vn 0.000000 -1.000000 0.000000
vn 0.000000 -1.000000 0.000000
vn 0.000000 -1.000000 0.000000
vn 0.000000 0.000000 -1.000000
vn 0.000000 0.000000 -1.000000
vn 0.000000 0.000000 -1.000000
vn 0.000000 0.000000 -1.000000
vn 0.000000 0.000000 1.000000
vn 0.000000 0.000000 1.000000
vn 0.000000 0.000000 1.000000
vn 0.000000 0.000000 1.000000
s off
g Map01 Ceil EV_Ceil33
usemtl T_EV_CeilSG
f 1147/2404/2346 1146/2407/2347 1144/2406/2348 1145/2405/2349
f 1144/2408/2350 1148/2411/2351 1149/2410/2352 1145/2409/2353
f 1147/2412/2354 1151/2415/2355 1150/2414/2356 1146/2413/2357
g default
v -494.129211 370.000000 296.000000
v 494.129089 370.000000 296.000000
v -494.129211 370.000000 306.000000
v 494.129089 370.000000 306.000000
v -494.129211 376.549316 296.000000
v 494.129089 376.549316 296.000000
v -494.129211 376.549316 306.000000
v 494.129089 376.549316 306.000000
vt 1.211998 -2.380549
vt 1.188678 -2.380549
vt 1.188678 -0.075931
vt 1.211998 -0.075931
vt 2.182276 -0.075932
vt 2.182276 -2.380548
vt 2.167004 -2.380548
vt 2.167004 -0.075932
vt 2.600033 -2.380548
vt 2.600033 -0.075932
vt 2.615306 -0.075932
vt 2.615306 -2.380548
vn 0.000000 -1.000000 0.000000
vn 0.000000 -1.000000 0.000000
vn 0.000000 -1.000000 0.000000
vn 0.000000 -1.000000 0.000000
vn 0.000000 0.000000 -1.000000
vn 0.000000 0.000000 -1.000000
vn 0.000000 0.000000 -1.000000
vn 0.000000 0.000000 -1.000000
vn 0.000000 0.000000 1.000000
vn 0.000000 0.000000 1.000000
vn 0.000000 0.000000 1.000000
vn 0.000000 0.000000 1.000000
s off
g Map01 Ceil EV_Ceil34
usemtl T_EV_CeilSG
f 1155/2416/2358 1154/2419/2359 1152/2418/2360 1153/2417/2361
f 1152/2420/2362 1156/2423/2363 1157/2422/2364 1153/2421/2365
f 1155/2424/2366 1159/2427/2367 1158/2426/2368 1154/2425/2369
g default
v -494.129211 370.000000 196.000000
v 494.129089 370.000000 196.000000
v -494.129211 370.000000 206.000000
v 494.129089 370.000000 206.000000
v -494.129211 376.549316 196.000000
v 494.129089 376.549316 196.000000
v -494.129211 376.549316 206.000000
v 494.129089 376.549316 206.000000
vt 1.268131 -2.380549
vt 1.244811 -2.380549
vt 1.244811 -0.075931
vt 1.268131 -0.075931
vt 2.278506 -0.075932
vt 2.278506 -2.380548
vt 2.263232 -2.380548
vt 2.263232 -0.075932
vt 2.744376 -2.380548
vt 2.744376 -0.075932
vt 2.759650 -0.075932
vt 2.759650 -2.380548
vn 0.000000 -1.000000 0.000000
vn 0.000000 -1.000000 0.000000
vn 0.000000 -1.000000 0.000000
vn 0.000000 -1.000000 0.000000
vn 0.000000 0.000000 -1.000000
vn 0.000000 0.000000 -1.000000
vn 0.000000 0.000000 -1.000000
vn 0.000000 0.000000 -1.000000
vn 0.000000 0.000000 1.000000
vn 0.000000 0.000000 1.000000
vn 0.000000 0.000000 1.000000
vn 0.000000 0.000000 1.000000
s off
g Map01 Ceil EV_Ceil35
usemtl T_EV_CeilSG
f 1163/2428/2370 1162/2431/2371 1160/2430/2372 1161/2429/2373
f 1160/2432/2374 1164/2435/2375 1165/2434/2376 1161/2433/2377
f 1163/2436/2378 1167/2439/2379 1166/2438/2380 1162/2437/2381
g default
v -494.129211 370.000000 96.000000
v 494.129089 370.000000 96.000000
v -494.129211 370.000000 106.000000
v 494.129089 370.000000 106.000000
v -494.129211 376.549316 96.000000
v 494.129089 376.549316 96.000000
v -494.129211 376.549316 106.000000
v 494.129089 376.549316 106.000000
vt 0.083114 0.001991
vt 0.032721 0.001991
vt 0.032721 0.998007
vt 0.083114 0.998007
vt 0.020403 0.998008
vt 0.020403 0.001992
vt 0.013205 0.001992
vt 0.013205 0.998008
vt 0.000176 0.001992
vt 0.000176 0.998008
vt 0.007374 0.998008
vt 0.007374 0.001992
vn 0.000000 -1.000000 0.000000
vn 0.000000 -1.000000 0.000000
vn 0.000000 -1.000000 0.000000
vn 0.000000 -1.000000 0.000000
vn 0.000000 0.000000 -1.000000
vn 0.000000 0.000000 -1.000000
vn 0.000000 0.000000 -1.000000
vn 0.000000 0.000000 -1.000000
vn 0.000000 0.000000 1.000000
vn 0.000000 0.000000 1.000000
vn 0.000000 0.000000 1.000000
vn 0.000000 0.000000 1.000000
s off
g Map01 Ceil EV_Ceil36
usemtl T_EV_CeilSG
f 1171/2440/2382 1170/2443/2383 1168/2442/2384 1169/2441/2385
f 1168/2444/2386 1172/2447/2387 1173/2446/2388 1169/2445/2389
f 1171/2448/2390 1175/2451/2391 1174/2450/2392 1170/2449/2393
g default
v -494.129211 370.000000 1196.000000
v 494.129089 370.000000 1196.000000
v -494.129211 370.000000 1206.000000
v 494.129089 370.000000 1206.000000
v -494.129211 376.549316 1196.000000
v 494.129089 376.549316 1196.000000
v -494.129211 376.549316 1206.000000
v 494.129089 376.549316 1206.000000
vt 0.762930 -2.380549
vt 0.739610 -2.380549
vt 0.739610 -0.075931
vt 0.762930 -0.075931
vt 1.845476 -0.075932
vt 1.845476 -2.380548
vt 1.830203 -2.380548
vt 1.830203 -0.075932
vt 2.696262 -2.380548
vt 2.696262 -0.075932
vt 2.711535 -0.075932
vt 2.711535 -2.380548
vn 0.000000 -1.000000 0.000000
vn 0.000000 -1.000000 0.000000
vn 0.000000 -1.000000 0.000000
vn 0.000000 -1.000000 0.000000
vn 0.000000 0.000000 -1.000000
vn 0.000000 0.000000 -1.000000
vn 0.000000 0.000000 -1.000000
vn 0.000000 0.000000 -1.000000
vn 0.000000 0.000000 1.000000
vn 0.000000 0.000000 1.000000
vn 0.000000 0.000000 1.000000
vn 0.000000 0.000000 1.000000
s off
g Map01 Ceil EV_Ceil37
usemtl T_EV_CeilSG
f 1179/2452/2394 1178/2455/2395 1176/2454/2396 1177/2453/2397
f 1176/2456/2398 1180/2459/2399 1181/2458/2400 1177/2457/2401
f 1179/2460/2402 1183/2463/2403 1182/2462/2404 1178/2461/2405
g default
v -494.129211 370.000000 1296.000000
v 494.129089 370.000000 1296.000000
v -494.129211 370.000000 1306.000000
v 494.129089 370.000000 1306.000000
v -494.129211 376.549316 1296.000000
v 494.129089 376.549316 1296.000000
v -494.129211 376.549316 1306.000000
v 494.129089 376.549316 1306.000000
vt 0.762930 -2.380549
vt 0.739610 -2.380549
vt 0.739610 -0.075931
vt 0.762930 -0.075931
vt 1.845476 -0.075932
vt 1.845476 -2.380548
vt 1.830203 -2.380548
vt 1.830203 -0.075932
vt 2.696262 -2.380548
vt 2.696262 -0.075932
vt 2.711535 -0.075932
vt 2.711535 -2.380548
vn 0.000000 -1.000000 0.000000
vn 0.000000 -1.000000 0.000000
vn 0.000000 -1.000000 0.000000
vn 0.000000 -1.000000 0.000000
vn 0.000000 0.000000 -1.000000
vn 0.000000 0.000000 -1.000000
vn 0.000000 0.000000 -1.000000
vn 0.000000 0.000000 -1.000000
vn 0.000000 0.000000 1.000000
vn 0.000000 0.000000 1.000000
vn 0.000000 0.000000 1.000000
vn 0.000000 0.000000 1.000000
s off
g Map01 Ceil EV_Ceil38
usemtl T_EV_CeilSG
f 1187/2464/2406 1186/2467/2407 1184/2466/2408 1185/2465/2409
f 1184/2468/2410 1188/2471/2411 1189/2470/2412 1185/2469/2413
f 1187/2472/2414 1191/2475/2415 1190/2474/2416 1186/2473/2417
